ID	Typ	Číslo	Název	Kategorie	Technické informace	Popis	Země	Rok	Historický status	Role	Poškození	AP	Režim palby	RC	Munice / kapacita	Conceal	Accuracy	Reach	Dostupnost	Cena	Dovednost	Výchozí vybavení	Rating	Kapacita zbroje	ArmorOverride	Handling	Speed	Acceleration	Body	Armor	Sensor	Seats	Pilot	Mount	Efekt / vlastnost	Bonus	Poznámka	Zdrojový soubor	Zdrojový řádek
Doplněk ke zbrani:28:Svítilna	Doplněk ke zbrani	28	Svítilna	Bočnice		Baterka připevněná ke zbrani.	—	1900	Reálná		-	-		-		-	-		2	50														Side	Osvětluje cíl; ruší postih za tmu v kuželu.			docs/accessories/batchAC1_doplnky.tsv	29
Doplněk ke zbrani:29:Řemen	Doplněk ke zbrani	29	Řemen	Bočnice		Nosný řemen.	—	1900	Reálná		-	-		-		-	-		0	15														Side	Umožňuje nosit zbraň přes rameno bez postihu.			docs/accessories/batchAC1_doplnky.tsv	30
Doplněk ke zbrani:30:Lapač nábojnic	Doplněk ke zbrani	30	Lapač nábojnic	Bočnice		Záchyt vystřelených nábojnic.	—	1930	Prototyp		-	-		-		-	-		3R	60														Side	Zachytí nábojnice: -2 na forenzní sledování.			docs/accessories/batchAC1_doplnky.tsv	31
Doplněk ke zbrani:57:Infračervená svítilna	Doplněk ke zbrani	57	Infračervená svítilna	Bočnice		Experimentální IR svítilna.	DE	1938	Setting		-	-		-		-	-		10F	800														Side	Osvětluje pro IR vidění (viditelné jen IR přístroji).			docs/accessories/batchAC1_doplnky.tsv	58
Doplněk ke zbrani:58:Signální zrcátko	Doplněk ke zbrani	58	Signální zrcátko	Bočnice		Zrcátko pro signalizaci.	—	1900	Reálná		-	-		-		-	-		2	20														Side	Signální komunikace na dálku (zrcadlem).			docs/accessories/batchAC1_doplnky.tsv	59
Doplněk ke zbrani:59:Boční zásobník	Doplněk ke zbrani	59	Boční zásobník	Bočnice		Zásobník uchycený na boku.	—	1930	Reálná		-	-		-		-	-		6R	150														Side	Umožňuje rychlejší výměnu munice.			docs/accessories/batchAC1_doplnky.tsv	60
Doplněk ke zbrani:1:Úsťová brzda	Doplněk ke zbrani	1	Úsťová brzda	Muzzle		Úsťová brzda tlumící zdvih hlavně.	—	1900	Reálná		-	-		1		-	-		6R	200														Barrel	+1 RC.			docs/accessories/batchAC1_doplnky.tsv	2
Doplněk ke zbrani:2:Kompenzátor	Doplněk ke zbrani	2	Kompenzátor	Muzzle		Kompenzátor plynu pro kontrolu palby.	—	1930	Reálná		-	-		1		-	-		6R	250														Barrel	+1 RC.			docs/accessories/batchAC1_doplnky.tsv	3
Doplněk ke zbrani:3:Tlumič plamene	Doplněk ke zbrani	3	Tlumič plamene	Muzzle		Kryt potlačující záblesk výstřelu.	—	1915	Reálná		-	-		-		-	-		4R	100														Barrel	Potlačuje záblesk: -2 na odhalení střelby zrakem.			docs/accessories/batchAC1_doplnky.tsv	4
Doplněk ke zbrani:4:Tlumič	Doplněk ke zbrani	4	Tlumič	Muzzle		Zvukový tlumič.	—	1930	Prototyp		-	-		-		-	-		9F	700														Barrel	Ztiší výstřel: -4 na odhalení střelby sluchem.			docs/accessories/batchAC1_doplnky.tsv	5
Doplněk ke zbrani:43:Chladicí plášť	Doplněk ke zbrani	43	Chladicí plášť	Muzzle		Vodní/vzduchový plášť hlavně.	—	1915	Reálná		-	-		-		-	-		6R	300														Barrel	Brání přehřátí hlavně u kulometů (delší palba).			docs/accessories/batchAC1_doplnky.tsv	44
Doplněk ke zbrani:44:Úsťový nástavec pro granáty	Doplněk ke zbrani	44	Úsťový nástavec pro granáty	Muzzle		Nástavec pro odpalování puškových granátů.	—	1915	Reálná		-	-		-		-	-		10F	400														Barrel	Umožňuje střílet puškové granáty.			docs/accessories/batchAC1_doplnky.tsv	45
Doplněk ke zbrani:45:Zesilovač zvuku	Doplněk ke zbrani	45	Zesilovač zvuku	Muzzle		Zesiluje výstřel pro zastrašení.	—	1930	Reálná		-	-		-		-	-		2	50														Barrel	Zesiluje výstřel: +2 na zastrašení.			docs/accessories/batchAC1_doplnky.tsv	46
Doplněk ke zbrani:46:Zesílená hlaveň	Doplněk ke zbrani	46	Zesílená hlaveň	Muzzle		Zesílená hlaveň pro těžké použití.	—	1930	Reálná		-	-		-		-	-		5R	200														Barrel	Vyšší odolnost: zbraň se méně poškozuje.			docs/accessories/batchAC1_doplnky.tsv	47
Doplněk ke zbrani:5:Dlouhá hlaveň	Doplněk ke zbrani	5	Dlouhá hlaveň	Muzzle		Delší, přesnější hlaveň.	—	1900	Reálná		-	-		-		+1	1		8R	300														Barrel	+1 Acc, ale +1 Conceal (hůř skrytá).			docs/accessories/batchAC1_doplnky.tsv	6
Doplněk ke zbrani:6:Zkrácená hlaveň	Doplněk ke zbrani	6	Zkrácená hlaveň	Muzzle		Zkrácená hlaveň pro skrytí.	—	1900	Reálná		-1	-		-		-1	-		4R	20														Barrel	-1 DMG, -1 Conceal (lépe skrytá).			docs/accessories/batchAC1_doplnky.tsv	7
Doplněk ke zbrani:7:Zátěž hlavně	Doplněk ke zbrani	7	Zátěž hlavně	Muzzle		Přídavná hmota na hlavni.	—	1900	Reálná		-	-		1		-	-		3R	100														Barrel	+1 RC.			docs/accessories/batchAC1_doplnky.tsv	8
Doplněk ke zbrani:8:Bajonetové lůžko	Doplněk ke zbrani	8	Bajonetové lůžko	Muzzle		Úchyt pro nasazení bodáku.	—	1915	Reálná		-	-		-		-	-		2	50														Barrel	Umožňuje nasadit bajonet.			docs/accessories/batchAC1_doplnky.tsv	9
Doplněk ke zbrani:71:Elektroizolační obal	Doplněk ke zbrani	71	Elektroizolační obal	Okultní & teslapunk		Izolační obal proti výbojům.	CS	1938	Setting		-	-		-		-	-		10F	800														-	Chrání zbraň i střelce před elektrickým výbojem (glitch tesla zbraně).			docs/accessories/batchAC1_doplnky.tsv	72
Doplněk ke zbrani:72:Měděná cívka	Doplněk ke zbrani	72	Měděná cívka	Okultní & teslapunk		Cívka zesilující tesla zbraně.	CS	1938	Setting		-	-		-		-	-		14F	2500														Internal	Zesiluje tesla zbraně: +1 DMG nebo +1 výboj, ale +riziko poruchy.			docs/accessories/batchAC1_doplnky.tsv	73
Doplněk ke zbrani:10:Dioptrická mířidla	Doplněk ke zbrani	10	Dioptrická mířidla	Optika		Kruhová (dioptrická) mířidla.	—	1910	Reálná		-	-		-		-	1		4R	100														Top	+1 Acc.			docs/accessories/batchAC1_doplnky.tsv	11
Doplněk ke zbrani:11:Puškohled 2×	Doplněk ke zbrani	11	Puškohled 2×	Optika		Malý optický puškohled.	—	1930	Reálná		-	-		-		-	1		5R	150														Top	+1 Acc na střední a delší vzdálenost.			docs/accessories/batchAC1_doplnky.tsv	12
Doplněk ke zbrani:12:Puškohled 4×	Doplněk ke zbrani	12	Puškohled 4×	Optika		Výkonnější optický puškohled.	—	1930	Reálná		-	-		-		-	2		6R	300														Top	+2 Acc na delší vzdálenost.			docs/accessories/batchAC1_doplnky.tsv	13
Doplněk ke zbrani:13:Puškohled ZF39	Doplněk ke zbrani	13	Puškohled ZF39	Optika		Německý vojenský puškohled.	DE	1939	Prototyp		-	-		-		-	2		7R	400														Top	+2 Acc; kvalitní optika.			docs/accessories/batchAC1_doplnky.tsv	14
Doplněk ke zbrani:14:Puškohled PU	Doplněk ke zbrani	14	Puškohled PU	Optika		Sovětský odstřelovací puškohled.	SU	1940	Prototyp		-	-		-		-	1		6R	250														Top	+1 Acc.			docs/accessories/batchAC1_doplnky.tsv	15
Doplněk ke zbrani:15:Puškohled No.32	Doplněk ke zbrani	15	Puškohled No.32	Optika		Britský odstřelovací puškohled.	UK	1942	Prototyp		-	-		-		-	2		7R	450														Top	+2 Acc.			docs/accessories/batchAC1_doplnky.tsv	16
Doplněk ke zbrani:47:Periskop	Doplněk ke zbrani	47	Periskop	Optika		Periskop pro střelbu z krytu.	—	1915	Reálná		-	-		-		-	-		6R	350														Top	Umožňuje střelbu zpoza krytu bez vystavení se.			docs/accessories/batchAC1_doplnky.tsv	48
Doplněk ke zbrani:48:Infračervený konvertor	Doplněk ke zbrani	48	Infračervený konvertor	Optika		Experimentální IR konvertor pro noční vidění.	DE	1938	Setting		-	-		-		-	-		12F	2000														Top	Vidění v temnotě (IR); ruší postihy za tmu.			docs/accessories/batchAC1_doplnky.tsv	49
Doplněk ke zbrani:49:Ochranné krytky	Doplněk ke zbrani	49	Ochranné krytky	Optika		Krytky chránící optiku.	—	1900	Reálná		-	-		-		-	-		2	30														Top	Chrání optiku před poškozením.			docs/accessories/batchAC1_doplnky.tsv	50
Doplněk ke zbrani:50:Zvětšovací nástavec	Doplněk ke zbrani	50	Zvětšovací nástavec	Optika		Přídavné zvětšení k optice.	—	1930	Reálná		-	-		-		-	1		6R	200														Top	+1 Acc.			docs/accessories/batchAC1_doplnky.tsv	51
Doplněk ke zbrani:9:Mechanická mířidla	Doplněk ke zbrani	9	Mechanická mířidla	Optika		Základní otevřená mířidla.	—	1900	Reálná		-	-		-		-	-		1	20														Top	Základní mířidla (bez bonusu).			docs/accessories/batchAC1_doplnky.tsv	10
Doplněk ke zbrani:22:Dřevěná pažba	Doplněk ke zbrani	22	Dřevěná pažba	Pažba		Standardní dřevěná pažba.	—	1900	Reálná		-	-		-		-	-		1	30														Stock	Standardní pažba (bez bonusu).			docs/accessories/batchAC1_doplnky.tsv	23
Doplněk ke zbrani:23:Sklopná pažba	Doplněk ke zbrani	23	Sklopná pažba	Pažba		Sklopná ramenní opěrka.	—	1930	Reálná		-	-		1		-1	-		2	30														Stock	+1 RC a -1 Conceal (lépe skrytá).			docs/accessories/batchAC1_doplnky.tsv	24
Doplněk ke zbrani:24:Pistolová rukojeť	Doplněk ke zbrani	24	Pistolová rukojeť	Pažba		Odlitá pistolová rukojeť.	—	1900	Reálná		-	-		1		-	-		4R	100														Stock	+1 RC.			docs/accessories/batchAC1_doplnky.tsv	25
Doplněk ke zbrani:25:Odstranění pažby	Doplněk ke zbrani	25	Odstranění pažby	Pažba		Zbraň bez pažby.	—	1900	Reálná		-	-		-1		-2	-		3	20														Stock	-1 RC, ale -2 Conceal (lépe skrytá).			docs/accessories/batchAC1_doplnky.tsv	26
Doplněk ke zbrani:26:Opěrka ramene	Doplněk ke zbrani	26	Opěrka ramene	Pažba		Měkká opěrka proti zpětnému rázu.	—	1930	Reálná		-	-		1		-	-		2	50														Stock	+1 RC.			docs/accessories/batchAC1_doplnky.tsv	27
Doplněk ke zbrani:27:Ramenní pažba	Doplněk ke zbrani	27	Ramenní pažba	Pažba		Zpevněná ramenní pažba.	—	1900	Reálná		-	-		1		-	-		4R	150														Stock	+1 RC.			docs/accessories/batchAC1_doplnky.tsv	28
Doplněk ke zbrani:54:Lícnice	Doplněk ke zbrani	54	Lícnice	Pažba		Vyvýšená lícnice pro lepší míření.	—	1930	Reálná		-	-		-		-	1		3R	80														Stock	+1 Acc.			docs/accessories/batchAC1_doplnky.tsv	55
Doplněk ke zbrani:55:Tlumič zpětného rázu	Doplněk ke zbrani	55	Tlumič zpětného rázu	Pažba		Pružinový tlumič rázu v pažbě.	—	1930	Reálná		-	-		1		-	-		4R	150														Stock	+1 RC.			docs/accessories/batchAC1_doplnky.tsv	56
Doplněk ke zbrani:56:Kožený návlek	Doplněk ke zbrani	56	Kožený návlek	Pažba		Kožený návlek na pažbu.	—	1900	Reálná		-	-		1		-	-		2	60														Stock	+1 RC (pevnější úchop).			docs/accessories/batchAC1_doplnky.tsv	57
Doplněk ke zbrani:16:Dvojnožka	Doplněk ke zbrani	16	Dvojnožka	Podvěs		Sklopná dvojnožka.	—	1915	Reálná		-	-		2		-	-		2	200														Under	+2 RC, když je zbraň v poloze (deployed).			docs/accessories/batchAC1_doplnky.tsv	17
Doplněk ke zbrani:17:Stativ	Doplněk ke zbrani	17	Stativ	Podvěs		Těžký stativ pro kulomety.	—	1900	Reálná		-	-		6		-	-		4	500														Under	+6 RC, když je nasazen.			docs/accessories/batchAC1_doplnky.tsv	18
Doplněk ke zbrani:18:Předpažbí	Doplněk ke zbrani	18	Předpažbí	Podvěs		Svislé předpažbí pro kontrolu.	—	1930	Reálná		-	-		1		-	-		4R	100														Under	+1 RC.			docs/accessories/batchAC1_doplnky.tsv	19
Doplněk ke zbrani:19:Podvěsný granátomet	Doplněk ke zbrani	19	Podvěsný granátomet	Podvěs		Puškový granátomet (např. Schiessbecher).	DE	1942	Prototyp		-	-		-		-	-		12F	1500														Under	Přidá podvěsný granátomet.			docs/accessories/batchAC1_doplnky.tsv	20
Doplněk ke zbrani:20:Podvěsná brokovnice	Doplněk ke zbrani	20	Podvěsná brokovnice	Podvěs		Podvěsná brokovnice.	—	1930	Prototyp		-	-		-		-	-		10F	800														Under	Přidá podvěsnou brokovnici.			docs/accessories/batchAC1_doplnky.tsv	21
Doplněk ke zbrani:21:Bajonet	Doplněk ke zbrani	21	Bajonet	Podvěs		Bodák nasazený na zbraň.	—	1915	Reálná		-	-		-		-	-		4R	50														Under	Přidá bodnou zbraň (bajonet).			docs/accessories/batchAC1_doplnky.tsv	22
Doplněk ke zbrani:51:Podvěsný plamenomet	Doplněk ke zbrani	51	Podvěsný plamenomet	Podvěs		Malý podvěsný plamenomet.	—	1930	Prototyp		-	-		-		-	-		14F	2000														Under	Přidá podvěsný plamenomet.			docs/accessories/batchAC1_doplnky.tsv	52
Doplněk ke zbrani:52:Podvěsný hák	Doplněk ke zbrani	52	Podvěsný hák	Podvěs		Vrhací hák pro šplhání.	—	1930	Reálná		-	-		-		-	-		8R	500														Under	Umožňuje vystřelit hák s lanem pro šplhání.			docs/accessories/batchAC1_doplnky.tsv	53
Doplněk ke zbrani:53:Podvěsné závaží	Doplněk ke zbrani	53	Podvěsné závaží	Podvěs		Závaží snižující zdvih.	—	1930	Reálná		-	-		1		-	-		2	50														Under	+1 RC.			docs/accessories/batchAC1_doplnky.tsv	54
Doplněk ke zbrani:31:Osobitá rukojeť	Doplněk ke zbrani	31	Osobitá rukojeť	Rukojeť		Rukojeť upravená na míru střelce.	—	1930	Reálná		-	-		-		-	1		2	100														Internal	+1 Acc.			docs/accessories/batchAC1_doplnky.tsv	32
Doplněk ke zbrani:32:Upravená spoušť	Doplněk ke zbrani	32	Upravená spoušť	Rukojeť		Vyladěná spoušť.	—	1930	Reálná		-	-		-		-	1		6R	200														Internal	+1 Acc; jemný chod.			docs/accessories/batchAC1_doplnky.tsv	33
Doplněk ke zbrani:33:Drsná rukojeť	Doplněk ke zbrani	33	Drsná rukojeť	Rukojeť		Zdrsněná rukojeť pro pevný úchop.	—	1900	Reálná		-	-		1		-	-		3	80														Internal	+1 RC.			docs/accessories/batchAC1_doplnky.tsv	34
Doplněk ke zbrani:60:Dvojitá spoušť	Doplněk ke zbrani	60	Dvojitá spoušť	Rukojeť		Zdvojená spoušť pro přesnou palbu.	—	1900	Reálná		-	-		-		-	1		4R	120														Internal	+1 Acc.			docs/accessories/batchAC1_doplnky.tsv	61
Doplněk ke zbrani:61:Selektivní spoušť	Doplněk ke zbrani	61	Selektivní spoušť	Rukojeť		Mechanismus selektivní palby.	—	1930	Prototyp		-	-		-		-	-		8F	400														Internal	Přidá režim selektivní palby (SA/BF/FA).			docs/accessories/batchAC1_doplnky.tsv	62
Doplněk ke zbrani:62:Rychlopalná spoušť	Doplněk ke zbrani	62	Rychlopalná spoušť	Rukojeť		Vyladěná rychlopalná spoušť.	—	1930	Reálná		-	-		-		-	1		6R	150														Internal	+1 Acc; umožňuje rychlejší palbu.			docs/accessories/batchAC1_doplnky.tsv	63
Doplněk ke zbrani:63:Pojistka	Doplněk ke zbrani	63	Pojistka	Rukojeť		Bezpečnostní pojistka.	—	1900	Reálná		-	-		-		-	-		2	30														Internal	Brání náhodnému výstřelu.			docs/accessories/batchAC1_doplnky.tsv	64
Doplněk ke zbrani:39:Skryté pouzdro	Doplněk ke zbrani	39	Skryté pouzdro	Různé		Pouzdro pro skryté nošení.	—	1900	Reálná		-	-		-		-1	-		2	150														-	-1 Conceal (lépe skrytá zbraň).			docs/accessories/batchAC1_doplnky.tsv	40
Doplněk ke zbrani:40:Rychlotažné pouzdro	Doplněk ke zbrani	40	Rychlotažné pouzdro	Různé		Pouzdro pro rychlé tasení.	—	1930	Reálná		-	-		-		-	-		4R	200														-	Tasení zbraně jako volná akce.			docs/accessories/batchAC1_doplnky.tsv	41
Doplněk ke zbrani:41:Maskovací nátěr	Doplněk ke zbrani	41	Maskovací nátěr	Různé		Maskovací nátěr zbraně.	—	1915	Reálná		-	-		-		-1	-		3R	100														-	-1 Conceal (lépe skrytá v terénu).			docs/accessories/batchAC1_doplnky.tsv	42
Doplněk ke zbrani:42:Zbraňový fotoaparát	Doplněk ke zbrani	42	Zbraňový fotoaparát	Různé		Fotoaparát upevněný na zbrani.	—	1930	Prototyp		-	-		-		-	-		8F	500														Top	Zaznamenává zásahy; dokumentace.			docs/accessories/batchAC1_doplnky.tsv	43
Doplněk ke zbrani:67:Čistící sada	Doplněk ke zbrani	67	Čistící sada	Různé		Sada pro údržbu zbraně.	—	1900	Reálná		-	-		-		-	-		2	50														-	+1 na údržbu; snižuje riziko zaseknutí.			docs/accessories/batchAC1_doplnky.tsv	68
Doplněk ke zbrani:68:Pušková brašna	Doplněk ke zbrani	68	Pušková brašna	Různé		Brašna pro přenos zbraně.	—	1900	Reálná		-	-		-		-	-		2	80														-	Skrytý přenos zbraně.			docs/accessories/batchAC1_doplnky.tsv	69
Doplněk ke zbrani:69:Signální nástavec	Doplněk ke zbrani	69	Signální nástavec	Různé		Nástavec pro odpalování signálních nábojů.	—	1915	Reálná		-	-		-		-	-		5R	150														Under	Umožňuje odpalovat signální světlice.			docs/accessories/batchAC1_doplnky.tsv	70
Doplněk ke zbrani:70:Ghillie omotávka	Doplněk ke zbrani	70	Ghillie omotávka	Různé		Maskovací omotávka zbraně.	—	1915	Reálná		-	-		-		-2	-		6R	300														-	-2 Conceal (výrazně lepší skrytí v terénu).			docs/accessories/batchAC1_doplnky.tsv	71
Doplněk ke zbrani:34:Prodloužený zásobník	Doplněk ke zbrani	34	Prodloužený zásobník	Zásobník		Delší zásobník pro více nábojů.	—	1930	Reálná		-	-		-		+1	-		6R	100														Internal	+50 % kapacity; +1 Conceal (hůř skrytá).			docs/accessories/batchAC1_doplnky.tsv	35
Doplněk ke zbrani:35:Bubnový zásobník	Doplněk ke zbrani	35	Bubnový zásobník	Zásobník		Bubnový zásobník (SMG/kulomety).	—	1930	Reálná		-	-		-		+2	-		8R	400														Internal	Výrazně +kapacita; +2 Conceal (objemný).			docs/accessories/batchAC1_doplnky.tsv	36
Doplněk ke zbrani:36:Rychlonabíječ	Doplněk ke zbrani	36	Rychlonabíječ	Zásobník		Rychlonabíječ pro revolvery.	—	1900	Reálná		-	-		-		-	-		2	50														Internal	Zrychluje nabíjení revolveru (jedna akce).			docs/accessories/batchAC1_doplnky.tsv	37
Doplněk ke zbrani:37:Nábojové pásky	Doplněk ke zbrani	37	Nábojové pásky	Zásobník		Stripper clips pro rychlé nabití.	—	1900	Reálná		-	-		-		-	-		1	20														Internal	Zrychluje nabíjení pušky (jedna akce).			docs/accessories/batchAC1_doplnky.tsv	38
Doplněk ke zbrani:38:Náhradní zásobník	Doplněk ke zbrani	38	Náhradní zásobník	Zásobník		Záložní zásobník.	—	1900	Reálná		-	-		-		-	-		2	20														Internal	Záložní munice (další zásobník).			docs/accessories/batchAC1_doplnky.tsv	39
Doplněk ke zbrani:64:Pásové podávání	Doplněk ke zbrani	64	Pásové podávání	Zásobník		Pásové podávání munice.	—	1915	Reálná		-	-		-		-	-		8R	300														Internal	Umožňuje pásové podávání (velká kapacita).			docs/accessories/batchAC1_doplnky.tsv	65
Doplněk ke zbrani:65:Spojené zásobníky	Doplněk ke zbrani	65	Spojené zásobníky	Zásobník		Spojené zásobníky (jungle style).	—	1930	Reálná		-	-		-		-	-		4R	80														Internal	Rychlejší výměna munice.			docs/accessories/batchAC1_doplnky.tsv	66
Doplněk ke zbrani:66:Rychloupínací zásobník	Doplněk ke zbrani	66	Rychloupínací zásobník	Zásobník		Zásobník s rychloupínákem.	—	1930	Reálná		-	-		-		-	-		5R	120														Internal	Zrychluje přebíjení (jedna akce).			docs/accessories/batchAC1_doplnky.tsv	67
Kvalita:15:Zákopový šok	Kvalita	15	Zákopový šok	Negative		Trauma z 1. světové války.																													skillcategory	skillcategory: Combat Active: -2: pod palbou	-	docs/qualities/batchQ1_kvality.tsv	19
Kvalita:16:Předsudek	Kvalita	16	Předsudek	Negative		Předsudek vůči metatypu.																													skillcategory	skillcategory: Social Active: -2: s vybraným metatypem	-	docs/qualities/batchQ1_kvality.tsv	20
Kvalita:17:Kodex cti	Kvalita	17	Kodex cti	Negative		Přísný osobní kodex.																															GM	docs/qualities/batchQ1_kvality.tsv	21
Kvalita:18:Závislost (Pervitin)	Kvalita	18	Závislost (Pervitin)	Negative		Závislost na stimulantu.																															GM	docs/qualities/batchQ1_kvality.tsv	22
Kvalita:19:Pronásledovaný	Kvalita	19	Pronásledovaný	Negative		Někdo ho hledá.																															GM	docs/qualities/batchQ1_kvality.tsv	23
Kvalita:20:Špatná pověst	Kvalita	20	Špatná pověst	Negative		Špatná pověst.																													notoriety	notoriety: 2	-	docs/qualities/batchQ1_kvality.tsv	24
Kvalita:21:Alergie	Kvalita	21	Alergie	Negative		Alergie na látku.																															GM	docs/qualities/batchQ1_kvality.tsv	25
Kvalita:22:Fobie	Kvalita	22	Fobie	Negative		Fobie.																															GM	docs/qualities/batchQ1_kvality.tsv	26
Kvalita:23:Nevzdělaný	Kvalita	23	Nevzdělaný	Negative		Bez formálního vzdělání.																															GM	docs/qualities/batchQ1_kvality.tsv	27
Kvalita:24:Hledaný	Kvalita	24	Hledaný	Negative		Hledaný policií.																															GM	docs/qualities/batchQ1_kvality.tsv	28
Kvalita:25:Válečná rána	Kvalita	25	Válečná rána	Negative		Staré zranění omezuje pohyblivost.																													specificattribute	specificattribute: AGI: -1	-	docs/qualities/batchQ1_kvality.tsv	29
Kvalita:26:Pacifista	Kvalita	26	Pacifista	Negative		Odmítá zabíjet.																															GM	docs/qualities/batchQ1_kvality.tsv	30
Kvalita:27:Slabá vůle	Kvalita	27	Slabá vůle	Negative		Snadno manipulovatelný.																													judgeintentionsdefense	judgeintentionsdefense: -2	-	docs/qualities/batchQ1_kvality.tsv	31
Kvalita:28:Nacionalistický fanatik	Kvalita	28	Nacionalistický fanatik	Negative		Slepý nacionalismus.																													skillcategory	skillcategory: Social Active: -2: s jinými národy	-	docs/qualities/batchQ1_kvality.tsv	32
Kvalita:29:Elektrofobie	Kvalita	29	Elektrofobie	Negative		Fobie z elektřiny.																															Setting; GM	docs/qualities/batchQ1_kvality.tsv	33
Kvalita:1:Veterán Velké války	Kvalita	1	Veterán Velké války	Positive		Prošel zákopy 1. světové války.																													initiative	initiative: 1 | skillcategory: Combat Active: 2: v boji	-	docs/qualities/batchQ1_kvality.tsv	2
Kvalita:10:Stříbrný jazyk	Kvalita	10	Stříbrný jazyk	Positive		Přesvědčovací talent.																													specificskill	specificskill: Negotiation: 2	-	docs/qualities/batchQ1_kvality.tsv	14
Kvalita:11:Hrdost na metatyp	Kvalita	11	Hrdost na metatyp	Positive		Hrdost na svůj metatyp.																													skillcategory	skillcategory: Social Active: 2: s vlastním metatypem	-	docs/qualities/batchQ1_kvality.tsv	15
Kvalita:12:Polní medik	Kvalita	12	Polní medik	Positive		Vycvičený v polní medicíně.																													specificskill	specificskill: First Aid: 2	-	docs/qualities/batchQ1_kvality.tsv	16
Kvalita:13:Odolnost proti elektřině	Kvalita	13	Odolnost proti elektřině	Positive		Odolný vůči elektrickým výbojům.																													damageresistance	damageresistance: 1: vs elektřina	Setting	docs/qualities/batchQ1_kvality.tsv	17
Kvalita:14:Okultní citlivost	Kvalita	14	Okultní citlivost	Positive		Tuší magické jevy v okolí.																															Setting; bez přímého bonusu (GM)	docs/qualities/batchQ1_kvality.tsv	18
Kvalita:2:Ocelová vůle	Kvalita	2	Ocelová vůle	Positive		Mimořádná odolnost vůči manipulaci a magii.																													spellresistance	spellresistance: 2 | judgeintentionsdefense: 2	-	docs/qualities/batchQ1_kvality.tsv	4
Kvalita:3:Zákopový bojovník	Kvalita	3	Zákopový bojovník	Positive		Mistr boje v krytu a zákopech.																													skillcategory	skillcategory: Combat Active: 2: v krytu	-	docs/qualities/batchQ1_kvality.tsv	6
Kvalita:4:Technický talent	Kvalita	4	Technický talent	Positive		Vrozený talent pro stroje a techniku.																													skillcategory	skillcategory: Technical Active: 2	-	docs/qualities/batchQ1_kvality.tsv	7
Kvalita:5:Jazykový talent	Kvalita	5	Jazykový talent	Positive		Snadno se učí jazyky.																													skillcategory	skillcategory: Language: 1	-	docs/qualities/batchQ1_kvality.tsv	8
Kvalita:6:Přirozený vůdce	Kvalita	6	Přirozený vůdce	Positive		Rodilý velitel.																													specificskill	specificskill: Leadership: 2	-	docs/qualities/batchQ1_kvality.tsv	9
Kvalita:7:Bystré oči	Kvalita	7	Bystré oči	Positive		Mimořádně bystrý zrak.																													specificskill	specificskill: Perception: 2	-	docs/qualities/batchQ1_kvality.tsv	10
Kvalita:8:Rychlé reflexy	Kvalita	8	Rychlé reflexy	Positive		Bleskurychlé reakce.																													initiative	initiative: 2	-	docs/qualities/batchQ1_kvality.tsv	11
Kvalita:9:Odolný organismus	Kvalita	9	Odolný organismus	Positive		Odolný vůči jedům a nemocem.																													toxincontactresist	toxincontactresist: 2 | pathogencontactresist: 2	-	docs/qualities/batchQ1_kvality.tsv	12
Vozidlo:40:Bf 109	Vozidlo	40	Bf 109	SW1938 – Letadla		Německá stíhačka.	DE	1937	Reálná	Stíhačka									12F	90000				4		5/4	7	3	10	4	3	1	2				Rychlá a obratná; hlavní stíhačka.	docs/vehicles/batchV1_vozidla.tsv	41
Vozidlo:41:Spitfire	Vozidlo	41	Spitfire	SW1938 – Letadla		Britská stíhačka.	UK	1938	Reálná	Stíhačka									12F	95000				4		5/4	7	3	10	4	3	1	2				Elegantní a obratná.	docs/vehicles/batchV1_vozidla.tsv	42
Vozidlo:42:Hurricane	Vozidlo	42	Hurricane	SW1938 – Letadla		Britská stíhačka.	UK	1937	Reálná	Stíhačka									11F	80000				4		5/4	6	3	10	4	3	1	2				Robustní; práce pro RAF.	docs/vehicles/batchV1_vozidla.tsv	43
Vozidlo:43:P-40 Warhawk	Vozidlo	43	P-40 Warhawk	SW1938 – Letadla		Americká stíhačka.	US	1939	Reálná	Stíhačka									12F	85000				4		5/4	6	3	10	4	3	1	2				Odolná; široce používaná.	docs/vehicles/batchV1_vozidla.tsv	44
Vozidlo:44:A6M Zero	Vozidlo	44	A6M Zero	SW1938 – Letadla		Japonská extrémně obratná stíhačka.	JP	1940	Prototyp	Stíhačka									13F	90000				2		6/5	6	3	9	2	3	1	2				Nejvratnější, ale křehká.	docs/vehicles/batchV1_vozidla.tsv	45
Vozidlo:45:He 111	Vozidlo	45	He 111	SW1938 – Letadla		Německý střední bombardér.	DE	1936	Reálná	Bombardér									14F	200000				6		3/2	5	2	18	6	3	5	2				Střední bombardér.	docs/vehicles/batchV1_vozidla.tsv	46
Vozidlo:46:B-17 Flying Fortress	Vozidlo	46	B-17 Flying Fortress	SW1938 – Letadla		Americký těžký bombardér.	US	1938	Prototyp	Těžký bombardér									16F	350000				8		2/2	5	1	22	8	4	10	3				Létající pevnost; silně vyzbrojený.	docs/vehicles/batchV1_vozidla.tsv	47
Vozidlo:47:Ju 52	Vozidlo	47	Ju 52	SW1938 – Letadla		Německý dopravní letadlo.	DE	1932	Reálná	Dopravní letadlo									12F	150000				4		3/2	4	2	18	4	2	17	2				Transport; i výsadkový.	docs/vehicles/batchV1_vozidla.tsv	48
Vozidlo:48:Fieseler Storch	Vozidlo	48	Fieseler Storch	SW1938 – Letadla		Průzkumný a spojovací letoun STOL.	DE	1936	Reálná	Průzkumný letoun									10F	60000				2		4/4	3	3	8	2	2	2	1				Krátký vzlet a přistání.	docs/vehicles/batchV1_vozidla.tsv	49
Vozidlo:49:de Havilland Mosquito	Vozidlo	49	de Havilland Mosquito	SW1938 – Letadla		Rychlý dřevěný britský letoun.	UK	1941	Prototyp	Rychlý bombardér									15F	250000				3		5/4	7	3	12	3	4	2	2				Dřevěná konstrukce; velmi rychlý.	docs/vehicles/batchV1_vozidla.tsv	50
Vozidlo:50:Me 262	Vozidlo	50	Me 262	SW1938 – Letadla		První proudová stíhačka.	DE	1944	Prototyp	Proudová stíhačka									20F	500000				4		5/4	9	4	12	4	4	1	3				Proudový pohon; převratný prototyp.	docs/vehicles/batchV1_vozidla.tsv	51
Vozidlo:54:Torpédový člun (S-boot)	Vozidlo	54	Torpédový člun (S-boot)	SW1938 – Lodě		Rychlý torpédový člun.	DE	1935	Reálná	Torpédový člun									14F	200000				6		4/3	5	3	14	6	3	20	2				Rychlý; torpéda.	docs/vehicles/batchV1_vozidla.tsv	55
Vozidlo:55:Hlídkový člun	Vozidlo	55	Hlídkový člun	SW1938 – Lodě		Pobřežní hlídkový člun.	UK	1938	Reálná	Hlídkový člun									12F	120000				5		4/3	4	2	13	5	2	12	1				Hlídkování; kulomety.	docs/vehicles/batchV1_vozidla.tsv	56
Vozidlo:56:Nákladní loď	Vozidlo	56	Nákladní loď	SW1938 – Lodě		Civilní nákladní loď.	—	1930	Reálná	Nákladní loď									10R	300000				4		2/2	2	1	20	4	1	30	2				Převoz nákladu.	docs/vehicles/batchV1_vozidla.tsv	57
Vozidlo:57:Rybářská loď	Vozidlo	57	Rybářská loď	SW1938 – Lodě		Malá rybářská loď.	—	1930	Reálná	Rybářská loď									4R	40000				3		3/3	2	1	12	3	1	6	1				Civilní; nenápadná.	docs/vehicles/batchV1_vozidla.tsv	58
Vozidlo:58:Výsadková loď	Vozidlo	58	Výsadková loď	SW1938 – Lodě		Vyloďovací člun.	UK	1940	Prototyp	Vyloďovací člun									12F	90000				4		3/2	3	1	14	4	1	30	1				Vyloďování vojska.	docs/vehicles/batchV1_vozidla.tsv	59
Vozidlo:59:Minolovka	Vozidlo	59	Minolovka	SW1938 – Lodě		Protiminová loď.	UK	1938	Reálná	Minolovka									12F	150000				5		3/2	3	1	15	5	2	20	2				Odminování.	docs/vehicles/batchV1_vozidla.tsv	60
Vozidlo:60:Říční člun	Vozidlo	60	Říční člun	SW1938 – Lodě		Lehký říční člun.	—	1930	Reálná	Říční člun									3R	15000				2		4/4	3	2	8	2	1	6	1				Říční a jezerní.	docs/vehicles/batchV1_vozidla.tsv	61
Vozidlo:61:Civilní jachta	Vozidlo	61	Civilní jachta	SW1938 – Lodě		Soukromá jachta.	—	1930	Reálná	Jachta									6R	80000				2		4/3	3	2	12	2	1	8	1				Luxusní; civilní.	docs/vehicles/batchV1_vozidla.tsv	62
Vozidlo:1:BMW R12	Vozidlo	1	BMW R12	SW1938 – Motocykly		Civilní těžký motocykl.	DE	1935	Reálná	Civilní motocykl									4R	4000				3		4/3	3	2	5	3	1	1	1				Běžný civilní motocykl.	docs/vehicles/batchV1_vozidla.tsv	2
Vozidlo:2:DKW RT 125	Vozidlo	2	DKW RT 125	SW1938 – Motocykly		Lehký lidový motocykl.	DE	1939	Reálná	Lehký motocykl									3R	2500				2		5/4	3	3	4	2	1	1	1				Lehký a obratný; levný.	docs/vehicles/batchV1_vozidla.tsv	3
Vozidlo:3:Harley-Davidson WLA	Vozidlo	3	Harley-Davidson WLA	SW1938 – Motocykly		Vojenský motocykl.	US	1940	Prototyp	Vojenský motocykl									5R	5500				4		4/3	4	2	6	4	1	1	1				Robustní vojenský stroj.	docs/vehicles/batchV1_vozidla.tsv	4
Vozidlo:4:Zündapp KS 750	Vozidlo	4	Zündapp KS 750	SW1938 – Motocykly		Těžký vojenský motocykl s pohonem zadního kola.	DE	1941	Prototyp	Těžký vojenský motocykl									5R	6000				3		4/3	3	2	6	3	1	2	1				Pohon zadního kola; tažný.	docs/vehicles/batchV1_vozidla.tsv	5
Vozidlo:5:Zündapp s postranním vozíkem	Vozidlo	5	Zündapp s postranním vozíkem	SW1938 – Motocykly		Motocykl s postranním vozíkem.	DE	1941	Prototyp	Motocykl s vozíkem									6R	8000				4		3/2	3	1	7	4	1	3	1				Veze 3 osoby; stabilní.	docs/vehicles/batchV1_vozidla.tsv	6
Vozidlo:6:Motocykl s kulometem	Vozidlo	6	Motocykl s kulometem	SW1938 – Motocykly		Motocykl s lafetovaným kulometem ve vozíku.	DE	1941	Prototyp	Ozbrojený motocykl									8F	12000				5		3/2	3	1	7	5	1	2	1				Kulomet ve vozíku; vojenský.	docs/vehicles/batchV1_vozidla.tsv	7
Vozidlo:7:Kettenkrad (Sd.Kfz 2)	Vozidlo	7	Kettenkrad (Sd.Kfz 2)	SW1938 – Motocykly		Polopásý motocykl pro těžký terén.	DE	1941	Prototyp	Polopásý motocykl									8R	10000				4		4/3	3	2	7	4	1	2	1				Pásy vzadu; výborný v terénu.	docs/vehicles/batchV1_vozidla.tsv	8
Vozidlo:8:Goliath	Vozidlo	8	Goliath	SW1938 – Motocykly		Dálkově řízené pásové vozidlo s náloží.	DE	1942	Prototyp	Dálkově řízená nálož									12F	5000				4		3	2	1	3	4	0	0	0				Bezpilotní nálož; velmi vzácný.	docs/vehicles/batchV1_vozidla.tsv	9
Vozidlo:19:Opel Blitz	Vozidlo	19	Opel Blitz	SW1938 – Nákladní auta		Standardní nákladní auto.	DE	1937	Reálná	Nákladní auto									5R	12000				4		3/3	2	1	15	4	1	3	1				Základní logistika.	docs/vehicles/batchV1_vozidla.tsv	20
Vozidlo:20:GAZ-AAA	Vozidlo	20	GAZ-AAA	SW1938 – Nákladní auta		Sovětské nákladní auto.	SU	1936	Reálná	Nákladní auto									5R	9000				3		3/2	2	1	14	3	1	3	1				Robustní; jednoduché.	docs/vehicles/batchV1_vozidla.tsv	21
Vozidlo:21:Sd.Kfz 251	Vozidlo	21	Sd.Kfz 251	SW1938 – Nákladní auta		Polopásý obrněný transportér.	DE	1939	Prototyp	Obrněný transportér									8F	25000				8		3/3	3	2	16	8	2	10	1				Veze družstvo; pancéřovaný.	docs/vehicles/batchV1_vozidla.tsv	22
Vozidlo:22:Sd.Kfz 7	Vozidlo	22	Sd.Kfz 7	SW1938 – Nákladní auta		Polopásý dělostřelecký tahač.	DE	1938	Reálná	Dělostřelecký tahač									8R	20000				5		3/2	3	1	16	5	1	8	1				Tahá děla; silný.	docs/vehicles/batchV1_vozidla.tsv	23
Vozidlo:23:Lanz Bulldog	Vozidlo	23	Lanz Bulldog	SW1938 – Nákladní auta		Těžký zemědělský traktor.	DE	1921	Reálná	Traktor									4R	10000				3		2/2	1	1	15	3	1	2	1				Pomalý, ale silný.	docs/vehicles/batchV1_vozidla.tsv	24
Vozidlo:24:Cisternový vůz	Vozidlo	24	Cisternový vůz	SW1938 – Nákladní auta		Nákladní cisterna na palivo.	—	1938	Reálná	Palivová cisterna									6R	15000				4		3/3	2	1	16	4	1	2	1				Převoz paliva; výbušný náklad.	docs/vehicles/batchV1_vozidla.tsv	25
Vozidlo:25:Muniční vůz	Vozidlo	25	Muniční vůz	SW1938 – Nákladní auta		Nákladní vůz s municí.	—	1938	Reálná	Muniční vůz									7R	14000				5		3/3	2	1	15	5	1	2	1				Převoz munice.	docs/vehicles/batchV1_vozidla.tsv	26
Vozidlo:26:Pontonový vůz	Vozidlo	26	Pontonový vůz	SW1938 – Nákladní auta		Vůz pro převoz pontonů a mostů.	—	1938	Reálná	Ženijní vůz									8R	18000				4		3/2	2	1	17	4	1	4	1				Stavba mostů; ženijní.	docs/vehicles/batchV1_vozidla.tsv	27
Vozidlo:27:Panzer II	Vozidlo	27	Panzer II	SW1938 – Obrněná vozidla		Lehký tank.	DE	1936	Reálná	Lehký tank									12F	80000				12		3/2	3	2	18	12	2	3	1				Lehký a rychlý; slabší pancíř.	docs/vehicles/batchV1_vozidla.tsv	28
Vozidlo:28:Panzer IV	Vozidlo	28	Panzer IV	SW1938 – Obrněná vozidla		Střední tank.	DE	1939	Prototyp	Střední tank									14F	150000				16		3/2	3	2	22	16	3	5	1				Univerzální střední tank.	docs/vehicles/batchV1_vozidla.tsv	29
Vozidlo:29:T-26	Vozidlo	29	T-26	SW1938 – Obrněná vozidla		Sovětský lehký tank.	SU	1931	Reálná	Lehký tank									12F	70000				10		3/2	3	2	18	10	2	3	1				Početný sovětský tank.	docs/vehicles/batchV1_vozidla.tsv	30
Vozidlo:30:Matilda II	Vozidlo	30	Matilda II	SW1938 – Obrněná vozidla		Britský pěchotní tank s tlustým pancířem.	UK	1939	Prototyp	Pěchotní tank									14F	130000				18		2/2	2	1	20	18	2	4	1				Velmi silný pancíř; pomalý.	docs/vehicles/batchV1_vozidla.tsv	31
Vozidlo:31:Char B1	Vozidlo	31	Char B1	SW1938 – Obrněná vozidla		Francouzský těžký tank.	FR	1936	Reálná	Těžký tank									14F	140000				17		2/2	2	1	21	17	2	4	1				Silný pancíř; pomalý.	docs/vehicles/batchV1_vozidla.tsv	32
Vozidlo:32:T-34	Vozidlo	32	T-34	SW1938 – Obrněná vozidla		Revoluční sovětský střední tank.	SU	1940	Prototyp	Střední tank									16F	180000				18		3/3	4	3	24	18	3	4	1				Šikmý pancíř; převratný.	docs/vehicles/batchV1_vozidla.tsv	33
Vozidlo:33:Tiger I	Vozidlo	33	Tiger I	SW1938 – Obrněná vozidla		Německý těžký tank.	DE	1942	Prototyp	Těžký tank									18F	350000				22		3/2	3	2	26	22	3	5	1				Legendární pancíř a dělo; pomalý.	docs/vehicles/batchV1_vozidla.tsv	34
Vozidlo:34:Sd.Kfz 231	Vozidlo	34	Sd.Kfz 231	SW1938 – Obrněná vozidla		Těžké obrněné průzkumné vozidlo.	DE	1932	Reálná	Obrněné auto									12F	60000				10		4/3	4	3	16	10	2	4	1				Rychlé; osmikolové.	docs/vehicles/batchV1_vozidla.tsv	35
Vozidlo:35:Flakpanzer	Vozidlo	35	Flakpanzer	SW1938 – Obrněná vozidla		Samohybný protiletadlový kanón.	DE	1941	Prototyp	Protiletadlový vůz									14F	120000				12		3/3	3	2	20	12	3	4	1				Proti letadlům.	docs/vehicles/batchV1_vozidla.tsv	36
Vozidlo:36:StuG III	Vozidlo	36	StuG III	SW1938 – Obrněná vozidla		Samohybné útočné dělo.	DE	1940	Prototyp	Útočné dělo									14F	130000				15		3/3	3	2	21	15	2	4	1				Bez věže; nižší silueta.	docs/vehicles/batchV1_vozidla.tsv	37
Vozidlo:37:Sd.Kfz 247	Vozidlo	37	Sd.Kfz 247	SW1938 – Obrněná vozidla		Velitelské obrněné vozidlo.	DE	1937	Reálná	Velitelské vozidlo									11F	50000				8		3/3	3	2	15	8	3	4	1				Velení; rádiové vybavení.	docs/vehicles/batchV1_vozidla.tsv	38
Vozidlo:38:Panzerwerfer	Vozidlo	38	Panzerwerfer	SW1938 – Obrněná vozidla		Samohybný raketomet.	DE	1942	Prototyp	Raketomet									15F	100000				10		3/2	3	2	18	10	2	3	1				Salvový raketomet; prototyp.	docs/vehicles/batchV1_vozidla.tsv	39
Vozidlo:39:Flammpanzer	Vozidlo	39	Flammpanzer	SW1938 – Obrněná vozidla		Tank s plamenometem.	DE	1941	Prototyp	Plamenometný tank									15F	90000				11		3/3	3	2	18	11	2	3	1				Plamenomet; obávaný.	docs/vehicles/batchV1_vozidla.tsv	40
Vozidlo:10:Mercedes-Benz 770	Vozidlo	10	Mercedes-Benz 770	SW1938 – Osobní auta		Luxusní reprezentativní limuzína.	DE	1930	Reálná	Luxusní limuzína									6R	25000				4		4/4	3	2	12	4	2	5	1				Reprezentativní; pancéřovaná verze.	docs/vehicles/batchV1_vozidla.tsv	11
Vozidlo:11:Kübelwagen	Vozidlo	11	Kübelwagen	SW1938 – Osobní auta		Vojenský terénní vůz.	DE	1940	Prototyp	Vojenský terénní vůz									5R	5000				3		4/3	3	2	9	3	1	4	1				Lehký terénní; vojenský.	docs/vehicles/batchV1_vozidla.tsv	12
Vozidlo:12:Willys MB	Vozidlo	12	Willys MB	SW1938 – Osobní auta		Legendární americký džíp.	US	1941	Prototyp	Terénní džíp									5R	7000				4		5/4	3	3	10	4	1	4	1				Obratný a spolehlivý.	docs/vehicles/batchV1_vozidla.tsv	13
Vozidlo:13:Horch 108	Vozidlo	13	Horch 108	SW1938 – Osobní auta		Těžký štábní terénní vůz.	DE	1938	Reálná	Štábní vůz									6R	12000				4		4/3	3	2	11	4	2	5	1				Pro štáb a důstojníky.	docs/vehicles/batchV1_vozidla.tsv	14
Vozidlo:14:Tatra 87	Vozidlo	14	Tatra 87	SW1938 – Osobní auta		Aerodynamická československá limuzína.	CS	1937	Reálná	Rychlá limuzína									5R	15000				3		5/4	4	3	10	3	1	4	1				Rychlá a elegantní; česká.	docs/vehicles/batchV1_vozidla.tsv	15
Vozidlo:15:KdF-Wagen	Vozidlo	15	KdF-Wagen	SW1938 – Osobní auta		Lidový vůz (budoucí Volkswagen).	DE	1938	Prototyp	Lidový vůz									6R	4000				3		4/3	3	2	9	3	1	4	1				Lidový vůz; prototyp.	docs/vehicles/batchV1_vozidla.tsv	16
Vozidlo:16:Policejní auto	Vozidlo	16	Policejní auto	SW1938 – Osobní auta		Policejní hlídkový vůz.	—	1938	Reálná	Policejní vůz									4R	8000				4		4/4	3	2	10	4	2	4	1				Hlídkový vůz; siréna.	docs/vehicles/batchV1_vozidla.tsv	17
Vozidlo:17:Ambulance	Vozidlo	17	Ambulance	SW1938 – Osobní auta		Polní sanitní vůz.	—	1938	Reálná	Sanitní vůz									5R	9000				3		3/3	2	1	12	3	1	6	1				Převoz raněných.	docs/vehicles/batchV1_vozidla.tsv	18
Vozidlo:18:Citroën P17	Vozidlo	18	Citroën P17	SW1938 – Osobní auta		Polopásý terénní vůz.	FR	1937	Prototyp	Polopásý vůz									7R	10000				4		3/2	3	1	11	4	1	4	1				Polopásý; experimentální.	docs/vehicles/batchV1_vozidla.tsv	19
Vozidlo:9:Opel Olympia	Vozidlo	9	Opel Olympia	SW1938 – Osobní auta		Civilní rodinný sedan.	DE	1935	Reálná	Civilní sedan									3R	6000				3		4/4	3	2	10	3	1	4	1				Běžné civilní auto.	docs/vehicles/batchV1_vozidla.tsv	10
Vozidlo:62:Type VII (U-boat)	Vozidlo	62	Type VII (U-boat)	SW1938 – Ponorky		Německá oceánská ponorka.	DE	1936	Reálná	Oceánská ponorka									16F	500000				8		3/2	3	1	20	8	3	44	3				Torpéda; hrozba konvojům.	docs/vehicles/batchV1_vozidla.tsv	63
Vozidlo:63:Type II (pobřežní)	Vozidlo	63	Type II (pobřežní)	SW1938 – Ponorky		Malá pobřežní ponorka.	DE	1935	Reálná	Pobřežní ponorka									14F	200000				6		3/2	3	1	12	6	2	25	2				Menší; pobřežní operace.	docs/vehicles/batchV1_vozidla.tsv	64
Vozidlo:64:Neger (miniponorka)	Vozidlo	64	Neger (miniponorka)	SW1938 – Ponorky		Jednomístná miniponorka s torpédem.	DE	1943	Prototyp	Miniponorka									14F	30000				3		3/2	2	1	6	3	1	1	1				Sebevražedná; prototyp.	docs/vehicles/batchV1_vozidla.tsv	65
Vozidlo:65:Focke-Wulf Fw 61	Vozidlo	65	Focke-Wulf Fw 61	SW1938 – Vrtulníky		První praktický vrtulník.	DE	1936	Prototyp	Vrtulník									16F	120000				2		4/4	3	2	8	2	2	2	2				Experimentální; převratný.	docs/vehicles/batchV1_vozidla.tsv	66
Vozidlo:66:Cierva C.30	Vozidlo	66	Cierva C.30	SW1938 – Vrtulníky		Autogyra.	UK	1934	Prototyp	Autogyra									14F	80000				2		4/3	3	2	8	2	2	2	1				Rotor bez motoru; bezpečná.	docs/vehicles/batchV1_vozidla.tsv	67
Vozidlo:67:Focke-Achgelis Fa 223	Vozidlo	67	Focke-Achgelis Fa 223	SW1938 – Vrtulníky		Transportní vrtulník.	DE	1940	Prototyp	Transportní vrtulník									18F	200000				3		4/4	3	2	12	3	2	4	2				První transportní vrtulník.	docs/vehicles/batchV1_vozidla.tsv	68
Vozidlo:51:Hindenburg (LZ 129)	Vozidlo	51	Hindenburg (LZ 129)	SW1938 – Vzducholodě		Obří dopravní vzducholoď.	DE	1936	Reálná	Dopravní vzducholoď									16F	800000				2		2/1	2	1	25	2	2	50	3				Obří vzducholoď; luxusní.	docs/vehicles/batchV1_vozidla.tsv	52
Vozidlo:52:Graf Zeppelin (LZ 127)	Vozidlo	52	Graf Zeppelin (LZ 127)	SW1938 – Vzducholodě		Dálková výzkumná vzducholoď.	DE	1928	Reálná	Výzkumná vzducholoď									15F	600000				2		2/1	2	1	24	2	2	40	3				Dálkové lety; výzkum.	docs/vehicles/batchV1_vozidla.tsv	53
Vozidlo:53:Průzkumná vzducholoď	Vozidlo	53	Průzkumná vzducholoď	SW1938 – Vzducholodě		Malá neztužená vzducholoď (blimp).	—	1938	Reálná	Průzkumná vzducholoď									10F	80000				1		3/2	2	1	12	1	2	4	1				Pomalá; pozorovací.	docs/vehicles/batchV1_vozidla.tsv	54
Vybavení:30:Padělané doklady	Vybavení	30	Padělané doklady	SW1938 – Dokumenty & různé		Falešné průkazy a cestovní dokumenty.	—	1930	Reálná	Infiltrace									10F	1000			0												-		Kvalita dle ceny.	docs/gear/batchG1_vybaveni.tsv	31
Vybavení:31:Hodinky	Vybavení	31	Hodinky	SW1938 – Dokumenty & různé		Kapesní nebo náramkové hodinky.	—	1900	Reálná	Čas									3	150			0												-		Společenský doplněk.	docs/gear/batchG1_vybaveni.tsv	32
Vybavení:32:Mapy a plány	Vybavení	32	Mapy a plány	SW1938 – Dokumenty & různé		Vojenské mapy a plány.	—	1900	Reálná	Navigace a plánování									4R	200			0												+1 na navigaci		Užitečné pro operace.	docs/gear/batchG1_vybaveni.tsv	33
Vybavení:33:Peníze	Vybavení	33	Peníze	SW1938 – Dokumenty & různé		Hotovost nebo valuty.	—	1900	Reálná	Platidlo									0	Variable(10-100000)			0												-		Běžná měna dle země.	docs/gear/batchG1_vybaveni.tsv	34
Vybavení:1:Polní telefon	Vybavení	1	Polní telefon	SW1938 – Elektronika		Přenosný telefon s kabelem.	—	1915	Reálná	Polní komunikace									4	150			0												-		Spolehlivý, ale potřebuje kabel.	docs/gear/batchG1_vybaveni.tsv	2
Vybavení:2:Telegrafní klíč	Vybavení	2	Telegrafní klíč	SW1938 – Elektronika		Klíč pro morseovku.	—	1900	Reálná	Telegrafie									3	50			0												-		Základní komunikace na dálku.	docs/gear/batchG1_vybaveni.tsv	3
Vybavení:3:Polní vysílačka	Vybavení	3	Polní vysílačka	SW1938 – Elektronika		Přenosná radiostanice krátkého dosahu.	—	1938	Reálná	Rádiová komunikace									6R	500			0												-		Základní rádiové spojení.	docs/gear/batchG1_vybaveni.tsv	4
Vybavení:4:Přenosná radiostanice	Vybavení	4	Přenosná radiostanice	SW1938 – Elektronika		Výkonnější přenosná radiostanice.	—	1938	Reálná	Rádiová komunikace (delší dosah)									7R	800			0												-		Delší dosah, těžší.	docs/gear/batchG1_vybaveni.tsv	5
Vybavení:5:Rádiový zaměřovač	Vybavení	5	Rádiový zaměřovač	SW1938 – Elektronika		Zaměřovač cizí radiové komunikace.	—	1938	Prototyp	Rádiový průzkum									8R	1200			0												detekce vysílání		Odhalí nepřátelské vysílačky.	docs/gear/batchG1_vybaveni.tsv	6
Vybavení:6:Rušička	Vybavení	6	Rušička	SW1938 – Elektronika		Širokopásmová rádiová rušička.	—	1938	Prototyp	Rušení komunikace									10F	2000			0												ruší rádio		Velká, energeticky náročná.	docs/gear/batchG1_vybaveni.tsv	7
Vybavení:17:Sada nářadí	Vybavení	17	Sada nářadí	SW1938 – Nářadí & survival		Základní mechanické nářadí.	—	1900	Reálná	Opravy a sabotáž									3	150			0												+2 na opravy		Pro mechaniku a demolice.	docs/gear/batchG1_vybaveni.tsv	18
Vybavení:18:Lano	Vybavení	18	Lano	SW1938 – Nářadí & survival		Konopné lano 20 m.	—	1900	Reálná	Šplhání									2	30			0												-		Základní horolezecká výbava.	docs/gear/batchG1_vybaveni.tsv	19
Vybavení:19:Svítilna	Vybavení	19	Svítilna	SW1938 – Nářadí & survival		Ruční elektrická svítilna.	—	1900	Reálná	Osvětlení									2	20			0												-		Nutná v temnotě.	docs/gear/batchG1_vybaveni.tsv	20
Vybavení:20:Kompas	Vybavení	20	Kompas	SW1938 – Nářadí & survival		Orientace v terénu.	—	1900	Reálná	Navigace									2	40			0												-		Základní orientace.	docs/gear/batchG1_vybaveni.tsv	21
Vybavení:21:Stan	Vybavení	21	Stan	SW1938 – Nářadí & survival		Polní stan pro dvě osoby.	—	1900	Reálná	Přístřeší									2	80			0												-		Odpočinek v terénu.	docs/gear/batchG1_vybaveni.tsv	22
Vybavení:22:Polní výbava	Vybavení	22	Polní výbava	SW1938 – Nářadí & survival		Ešus, příbor, polní láhev.	—	1900	Reálná	Polní stravování									1	20			0												-		Základní výbava vojáka.	docs/gear/batchG1_vybaveni.tsv	23
Vybavení:23:Zapalovač	Vybavení	23	Zapalovač	SW1938 – Nářadí & survival		Benziňový zapalovač.	—	1920	Reálná	Zapalování ohně									1	10			0												-		Malý a užitečný.	docs/gear/batchG1_vybaveni.tsv	24
Vybavení:24:Rituální potřeby	Vybavení	24	Rituální potřeby	SW1938 – Okultní & teslapunk		Křída, svíce, symboly.	—	1900	Reálná	Okultní rituály									4	50			0												-		Pro rituály a ochranu.	docs/gear/batchG1_vybaveni.tsv	25
Vybavení:25:Talisman / amulet	Vybavení	25	Talisman / amulet	SW1938 – Okultní & teslapunk		Ochranný amulet.	—	1900	Reálná	Ochrana proti duchům									6R	300			0												+1 vs duchové		Víra a ochrana.	docs/gear/batchG1_vybaveni.tsv	26
Vybavení:26:Grimoár	Vybavení	26	Grimoár	SW1938 – Okultní & teslapunk		Kniha okultních znalostí.	—	1900	Reálná	Okultní znalosti									8F	1500			0												+2 na okultní znalosti		Vzácný; zakázaný.	docs/gear/batchG1_vybaveni.tsv	27
Vybavení:27:Teslapunkový detektor magie	Vybavení	27	Teslapunkový detektor magie	SW1938 – Okultní & teslapunk		Přístroj detekující magické jevy.	CS	1938	Setting	Detekce magie									14F	5000			0												detekce magie		Klíčový pro okultní průzkum.	docs/gear/batchG1_vybaveni.tsv	28
Vybavení:28:Teslapunkové komponenty	Vybavení	28	Teslapunkové komponenty	SW1938 – Okultní & teslapunk		Náhradní cívky, elektronky, vodiče.	CS	1938	Setting	Opravy teslapunku									12F	1000			0												-		Nutné pro opravy aparatur.	docs/gear/batchG1_vybaveni.tsv	29
Vybavení:29:Rušička duchů	Vybavení	29	Rušička duchů	SW1938 – Okultní & teslapunk		Okultní aparatura rušící manifestaci entit.	DE	1938	Setting	Rušení duchů									16F	6000			0												ruší manifestaci duchů		Velmi vzácná a nebezpečná.	docs/gear/batchG1_vybaveni.tsv	30
Vybavení:10:Fotoaparát	Vybavení	10	Fotoaparát	SW1938 – Optika		Polní fotoaparát.	—	1930	Reálná	Dokumentace									4	200			0												-		Pro špionáž a dokumentaci.	docs/gear/batchG1_vybaveni.tsv	11
Vybavení:7:Zvětšovací sklo	Vybavení	7	Zvětšovací sklo	SW1938 – Optika		Lupa pro detailní práci.	—	1900	Reálná	Detailní práce									2	30			0												+1 na detailní zkoumání		Malé a nenápadné.	docs/gear/batchG1_vybaveni.tsv	8
Vybavení:8:Dalekohled	Vybavení	8	Dalekohled	SW1938 – Optika		Polní dalekohled.	—	1900	Reálná	Pozorování na dálku									3	100			0												+2 Perception (dálka)		Základní průzkum.	docs/gear/batchG1_vybaveni.tsv	9
Vybavení:9:Dálkoměr	Vybavení	9	Dálkoměr	SW1938 – Optika		Optický dálkoměr.	—	1938	Reálná	Zaměřování									5R	400			0												+1 na střelbu (dálka)		Pomáhá odstřelovačům.	docs/gear/batchG1_vybaveni.tsv	10
Vybavení:11:Antiseptikum	Vybavení	11	Antiseptikum	SW1938 – Zdravotnictví & chemie		Dezinfekce a obvazy.	—	1900	Reálná	První pomoc									2	20			0												-		Základní lékařská potřeba.	docs/gear/batchG1_vybaveni.tsv	12
Vybavení:12:Lékárnička	Vybavení	12	Lékárnička	SW1938 – Zdravotnictví & chemie		Polní lékařská sada.	—	1900	Reálná	Lékařská pomoc									4	200			0												+2 na First Aid		Potřebná pro ošetření.	docs/gear/batchG1_vybaveni.tsv	13
Vybavení:13:Morfin	Vybavení	13	Morfin	SW1938 – Zdravotnictví & chemie		Lék proti bolesti.	—	1900	Reálná	Tišení bolesti									6R	50			0												-		Zmírní bolest a postihy.	docs/gear/batchG1_vybaveni.tsv	14
Vybavení:14:Plynová maska	Vybavení	14	Plynová maska	SW1938 – Zdravotnictví & chemie		Ochranná maska proti plynům.	—	1915	Reálná	Ochrana proti plynům									5R	150			0												imunita vůči plynům		Kritická pro zákopovou válku.	docs/gear/batchG1_vybaveni.tsv	15
Vybavení:15:Detektor plynu	Vybavení	15	Detektor plynu	SW1938 – Zdravotnictví & chemie		Chemický detektor bojových plynů.	—	1938	Prototyp	Detekce plynů									6R	300			0												detekce plynu		Varování před útokem plynem.	docs/gear/batchG1_vybaveni.tsv	16
Vybavení:16:Pervitin	Vybavení	16	Pervitin	SW1938 – Zdravotnictví & chemie		Stimulant pro bojovou výdrž.	DE	1938	Reálná	Stimulant									8F	100			0												+2 na odolnost (dočasně)		Návykový; vojenský stimulant.	docs/gear/batchG1_vybaveni.tsv	17
Zbraň:90:Panzerbüchse 39	Zbraň	90	Panzerbüchse 39	Assault Cannons	7,92×94 mm, protitanková puška	Německá protitanková puška.	DE	1939	Prototyp	Německá PT puška	12P	-5	SS	0	1(m)	10	5		18F	6000	Heavy Weapons	dvojnožka															Přesná a průbojná; jednoranná, drahá.	docs/weapons/batch09_tezke.tsv	4
Zbraň:91:Boys Anti-Tank Rifle	Zbraň	91	Boys Anti-Tank Rifle	Assault Cannons	.55 Boys, protitanková puška	Britská protitanková puška.	UK	1937	Reálná	Britská PT puška	12P	-4	SS	0	5(c)	10	4		16F	5000	Heavy Weapons	dvojnožka															Větší zásobník a nižší cena; menší AP.	docs/weapons/batch09_tezke.tsv	5
Zbraň:92:PTRD-41	Zbraň	92	PTRD-41	Assault Cannons	14,5×114 mm, protitanková puška	Sovětská protitanková puška.	SU	1941	Prototyp	Sovětská PT puška (průbojná)	13P	-6	SS	0	1(m)	10	4		18F	7000	Heavy Weapons	dvojnožka															Nejsilnější a nejprůbojnější; jednoranná, drahá.	docs/weapons/batch09_tezke.tsv	6
Zbraň:54:StG 44	Zbraň	54	StG 44	Assault Rifles	7,92×33 mm, 30 ran, selektivní palba	První skutečně významná útočná puška.	DE	1944	Prototyp	Univerzální útočná puška	9P	-2	SA/BF/FA	1	30(c)	6	5		12F	2500	Automatics	-															Vyladěná a přesná; referenční útočná puška.	docs/weapons/batch05_utocne.tsv	2
Zbraň:55:MP 43	Zbraň	55	MP 43	Assault Rifles	7,92×33 mm, 30 ran	Předchůdce StG 44.	DE	1943	Prototyp	Levnější produkce	9P	-2	SA/BF/FA	1	30(c)	6	4		11F	2200	Automatics	-															Levnější předchůdce StG; méně přesná.	docs/weapons/batch05_utocne.tsv	3
Zbraň:56:MKb 42(H)	Zbraň	56	MKb 42(H)	Assault Rifles	7,92×33 mm, 30 ran	Německý předprodukční prototyp.	DE	1942	Prototyp	Raný prototyp (RC 2)	9P	-2	SA/BF/FA	2	30(c)	6	4		14F	2800	Automatics	-															Těžký raný prototyp (RC 2); drahý a vzácný.	docs/weapons/batch05_utocne.tsv	4
Zbraň:57:FG 42	Zbraň	57	FG 42	Assault Rifles	7,92×57 mm, 20 ran, selektivní palba	Neobvyklá automatická puška výsadkářů.	DE	1942	Prototyp	Výsadkářská (silná ráže)	10P	-2	SA/BF/FA	1	20(c)	5	5		14F	3000	Automatics	-															Silná ráže (10P), kompaktní; malý zásobník, drahá.	docs/weapons/batch05_utocne.tsv	5
Zbraň:58:AVS-36	Zbraň	58	AVS-36	Assault Rifles	7,62×54 mmR, 15 ran, automatická palba	Sovětská automatická puška; velmi silný náboj a problematická kontrola.	SU	1936	Reálná	Automatická (průbojná)	10P	-3	SA/BF/FA	0	15(c)	6	4		13F	2400	Automatics	-															Průbojná (AP -3), ale malý zásobník a špatná kontrola (RC 0).	docs/weapons/batch05_utocne.tsv	6
Zbraň:77:Combat Knife	Zbraň	77	Combat Knife	Blades	Čepel 15-18 cm	Bojový nůž pro blízký boj.	US	1918	Reálná	Bojový nůž (rychlý)	({STR}+2)P	-2	0	0	0	-2	6	0	4	300	Blades	-															Vyvážený bojový nůž; nejlepší přesnost mezi noži.	docs/weapons/batch08_chladne.tsv	2
Zbraň:78:Bayonet	Zbraň	78	Bayonet	Blades	Čepel 25-40 cm	Bodák nasazovaný na pušku.	DE	1915	Reálná	Bajonet (dostřel)	({STR}+2)P	-2	0	0	0	-1	5	1	3	150	Blades	-															Bodná zbraň (AP -2), dostřel 1 a nízká cena.	docs/weapons/batch08_chladne.tsv	3
Zbraň:79:Fairbairn-Sykes	Zbraň	79	Fairbairn-Sykes	Blades	Tenká čepel 18 cm	Komandýnský nůž pro tiché zabití.	UK	1941	Prototyp	Komando nůž (přesný, AP)	({STR}+1)P	-3	0	0	0	-2	7	0	7R	400	Blades	-															Nejvyšší AP a přesnost, ale nižší DMG; vzácný.	docs/weapons/batch08_chladne.tsv	4
Zbraň:80:Cavalry Saber	Zbraň	80	Cavalry Saber	Blades	Zakřivená čepel 90 cm	Jízdní šavle.	UK	1908	Reálná	Šavle (dostřel + DMG)	({STR}+3)P	-2	0	0	0	3	5	1	6R	500	Blades	-															Vyšší DMG a dostřel; hůř skrytelná.	docs/weapons/batch08_chladne.tsv	5
Zbraň:81:Machete	Zbraň	81	Machete	Blades	Čepel 45-60 cm	Sekací nůž na vegetaci.	US	1910	Reálná	Mačeta	({STR}+3)P	-1	0	0	0	1	4	1	5R	250	Blades	-															Silná a štíhlejší (conceal 1); nižší AP.	docs/weapons/batch08_chladne.tsv	6
Zbraň:82:Axe / Hatchet	Zbraň	82	Axe / Hatchet	Blades	Hlava + topůrko	Sekera / ruční sekyrka.	DE	1900	Reálná	Sekyra	({STR}+3)P	-2	0	0	0	3	4	1	4	150	Blades	-															Vyšší AP za nízkou cenu; objemnější (conceal 3).	docs/weapons/batch08_chladne.tsv	7
Zbraň:83:Entrenching Tool	Zbraň	83	Entrenching Tool	Clubs	Skládací lopatka	Polní lopatka používaná v boji zblízka.	DE	1915	Reálná	Polní lopatka (těžká)	({STR}+3)P	-1	0	0	0	1	4	1	3	200	Clubs	-															Robustní improvizovaná zbraň; nízká cena.	docs/weapons/batch08_chladne.tsv	8
Zbraň:84:Trench Club	Zbraň	84	Trench Club	Clubs	Dřevěná palice s hlavicí	Zákopový kyj z první světové války.	DE	1915	Reálná	Zákopový kyj	({STR}+3)P	0	0	0	0	0	4	1	4	100	Clubs	-															Tupý, levný a skrytelný; bez AP.	docs/weapons/batch08_chladne.tsv	9
Zbraň:85:Brass Knuckles	Zbraň	85	Brass Knuckles	Clubs	Kovové klouby	Boxer pro pěstní boj.	US	1900	Reálná	Boxer (max skrytý)	({STR}+1)P	0	0	0	0	-4	5	0	2	50	Clubs	-															Nejskrytelnější zbraň (conceal -4); nízký DMG.	docs/weapons/batch08_chladne.tsv	10
Zbraň:86:Truncheon	Zbraň	86	Truncheon	Clubs	Dřevěný/kovový obušek	Policejní obušek.	UK	1900	Reálná	Obušek	({STR}+2)P	0	0	0	0	-2	5	1	3	80	Clubs	-															Vyvážený a skrytelný; nízká cena.	docs/weapons/batch08_chladne.tsv	11
Zbraň:87:Sledgehammer	Zbraň	87	Sledgehammer	Clubs	Těžké kladivo	Perlík / těžké kladivo.	DE	1900	Reálná	Perlík (max DMG)	({STR}+4)P	-2	0	0	0	4	3	1	4	200	Clubs	-															Nejvyšší DMG mezi chladnými; pomalý a neohrabaný (Acc 3), těžký.	docs/weapons/batch08_chladne.tsv	12
Zbraň:102:Tesla Rifle Mk. I	Zbraň	102	Tesla Rifle Mk. I	Exotic Ranged Weapons	Vysokonapěťový výboj, kondenzátorový zásobník	Československá experimentální tesla-puška.	CS	1938	Setting	Tesla puška (stun + AP)	9S(e)	-8	SS	3	6(c)	8	7		20F	25000	Exotic Ranged Weapon	přenosný kondenzátor															Stun + elektrická imobilizace; výboj bez zpětného rázu (RC 3), extrémní AP; tichá.	docs/weapons/batch10_setting.tsv	2
Zbraň:103:Voltaic Carbine	Zbraň	103	Voltaic Carbine	Exotic Ranged Weapons	Vysokonapěťový výboj, menší kondenzátor	Britská experimentální karabina.	UK	1938	Setting	Menší tesla (kompaktní)	7S(e)	-6	SA	2	8(c)	6	6		18F	15000	Exotic Ranged Weapon	přenosný kondenzátor															Kompaktnější tesla (conceal 6), více výbojů; slabší DMG/AP.	docs/weapons/batch10_setting.tsv	3
Zbraň:104:Arc Projector	Zbraň	104	Arc Projector	Exotic Ranged Weapons	Obloukový výboj, těžký generátor	Sovětský těžký elektrický projektor.	SU	1938	Setting	Těžký elektrický (plošný)	10S(e)	-6	FA	3	10(c)	10	5		22F	40000	Exotic Ranged Weapon	generátor, stativ															Plošný elektrický výboj (FA); těžký, drahý.	docs/weapons/batch10_setting.tsv	4
Zbraň:105:Geist-Werfer	Zbraň	105	Geist-Werfer	Exotic Ranged Weapons	Okultní aparatura, stříbrné cívky	Německý okultní projektor proti materializovaným entitám.	DE	1938	Setting	Okultní (vyhánění duchů)	10S(e)	-4	SS	2	4(c)	8	5		24F	50000	Exotic Ranged Weapon	okultní součástky															Působí jen na materializované entity (na astrální ne); velmi vzácný a zakázaný.	docs/weapons/batch10_setting.tsv	5
Zbraň:106:Röntgenkanone	Zbraň	106	Röntgenkanone	Exotic Ranged Weapons	Paprskový výboj, těžký transformátor	Německý experimentální paprskový kanón (mýtus smrtícího paprsku).	DE	1938	Setting	Paprskový prototyp (DMG)	12P	-6	SS	0	3(c)	10	4		24F	60000	Exotic Ranged Weapon	transformátor, stativ															Nejvyšší DMG mezi settingovými; neohrabaný (RC 0), extrémně drahý.	docs/weapons/batch10_setting.tsv	6
Zbraň:88:Flammenwerfer 35	Zbraň	88	Flammenwerfer 35	Flamethrowers	Nádrž + tryska	Německý přenosný plamenomet.	DE	1935	Reálná	Německý plamenomet	10P	-4	SA	0	6(c)	6	4		14F	2000	Heavy Weapons	nádrž s palivem															Vyšší DMG, ale menší zásoba paliva.	docs/weapons/batch09_tezke.tsv	2
Zbraň:89:Flamethrower No.2	Zbraň	89	Flamethrower No.2	Flamethrowers	Nádrž + tryska	Britský přenosný plamenomet.	UK	1940	Prototyp	Britský plamenomet	9P	-6	SA	0	8(c)	6	4		14F	2200	Heavy Weapons	nádrž s palivem															Vyšší AP a delší zápal; slabší DMG.	docs/weapons/batch09_tezke.tsv	3
Zbraň:100:Sticky Bomb No.74	Zbraň	100	Sticky Bomb No.74	Gear	Přilnavá výbušná nálož	Britská přilnavá bomba proti tankům.	UK	1940	Prototyp	Přilnavá proti tankům	16P (-2/m)	-4	0	0	0	0	Physical	0	12F	150	Throwing Weapons	-															Přilne k cíli, průbojná (AP -4); vzácná, prototyp.	docs/weapons/batch09_tezke.tsv	14
Zbraň:101:Satchel Charge	Zbraň	101	Satchel Charge	Gear	Výbušná nálož s časovačem	Demoliční nálož pro ničení objektů.	—	1918	Reálná	Demoliční nálož (max DMG)	20P (-2/m)	-4	0	0	0	0	Physical	0	12F	250	Demolitions	-															Nejvyšší DMG; umisťuje se (Demolitions), ne hází.	docs/weapons/batch09_tezke.tsv	15
Zbraň:95:Stielhandgranate 24	Zbraň	95	Stielhandgranate 24	Gear	Dřevěná násada, výbušná nálož	Německý ruční granát na násadě.	DE	1924	Reálná	Útočný (výbušný) granát	16P (-2/m)	-2	0	0	0	0	Physical	0	10F	100	Throwing Weapons	-															Výbušný/otřesový; průbojný (AP -2), bez úlomků.	docs/weapons/batch09_tezke.tsv	9
Zbraň:96:Mills Bomb No.36	Zbraň	96	Mills Bomb No.36	Gear	Kovové tělo, zápalná složka	Britský ruční granát.	UK	1915	Reálná	Obranný (úlomkový) granát	18P(f) (-1/m)	+5	0	0	0	0	Physical	0	11F	100	Throwing Weapons	-															Fragmentační (18P(f)); proti zbroji slabší (AP +5).	docs/weapons/batch09_tezke.tsv	10
Zbraň:97:F1	Zbraň	97	F1	Gear	Kovové tělo, zápalná složka	Sovětský obranný granát.	SU	1939	Prototyp	Obranný (úlomkový) granát	16P(f) (-1/m)	+5	0	0	0	0	Physical	0	10F	80	Throwing Weapons	-															Fragmentační, levný; menší nálož.	docs/weapons/batch09_tezke.tsv	11
Zbraň:98:Mk 2	Zbraň	98	Mk 2	Gear	Kovové tělo, zápalná složka	Americký ruční granát.	US	1918	Reálná	Obranný (úlomkový) granát	17P(f) (-1/m)	+5	0	0	0	0	Physical	0	10F	90	Throwing Weapons	-															Fragmentační; vyvážený.	docs/weapons/batch09_tezke.tsv	12
Zbraň:99:Molotov Cocktail	Zbraň	99	Molotov Cocktail	Gear	Láhev s hořlavinou	Improvizovaná zápalná láhev.	—	1936	Reálná	Zápalná (improvizovaná)	8P (-4/m)	-6	0	0	0	0	Physical	0	6F	20	Throwing Weapons	-															ZÁPALNÁ zbraň — po zásahu cíl HOŘÍ (oheň dle SR5, další poškození v kolech); nízký DMG, ale silný AP; velmi levná.	docs/weapons/batch09_tezke.tsv	13
Zbraň:93:Granatwerfer 34	Zbraň	93	Granatwerfer 34	Grenade Launchers	8 cm minomet	Německý pěchotní minomet.	DE	1934	Reálná	Německý minomet (těžký)	Grenade	Grenade	SS	0	1(m)	10	5		16F	4000	Heavy Weapons	stativ, minometné granáty															Těžký, přesný; nepřenosný jednotlivcem.	docs/weapons/batch09_tezke.tsv	7
Zbraň:94:2-inch Mortar	Zbraň	94	2-inch Mortar	Grenade Launchers	5,1 cm lehký minomet	Britský lehký minomet.	UK	1938	Reálná	Lehký minomet (přenosný)	Grenade	Grenade	SS	0	1(m)	6	4		14F	2500	Heavy Weapons	minometné granáty															Lehký a přenosný; méně přesný.	docs/weapons/batch09_tezke.tsv	8
Zbraň:10:Luger P08	Zbraň	10	Luger P08	Heavy Pistols	9×19 mm, 8 ran	Ikonická německá pistole s kloubovým závěrem.	DE	1908	Reálná	Přesnost	7P	-1	SA	0	8(c)	0	5		5R	950	Pistols	pouzdro, záložní zásobník															Nejvyšší přesnost v kategorii; dražší.	docs/weapons/batch01_pistole.tsv	11
Zbraň:11:Colt M1911A1	Zbraň	11	Colt M1911A1	Heavy Pistols	.45 ACP, 7 ran	Výkonná americká služební pistole.	US	1926	Reálná	Poškození	8P	-1	SA	0	7(c)	0	5		5R	900	Pistols	pouzdro, záložní zásobník															Nejvyšší DMG v kategorii; menší kapacita.	docs/weapons/batch01_pistole.tsv	12
Zbraň:12:Browning Hi-Power	Zbraň	12	Browning Hi-Power	Heavy Pistols	9×19 mm, 13 ran	Moderní velkokapacitní pistole.	BE	1935	Reálná	Kapacita	7P	-1	SA	0	13(c)	0	4		6R	1000	Pistols	pouzdro, záložní zásobník															Nejvyšší kapacita v kategorii.	docs/weapons/batch01_pistole.tsv	13
Zbraň:13:Tokarev TT-33	Zbraň	13	Tokarev TT-33	Heavy Pistols	7,62×25 mm, 8 ran	Výkonná sovětská pistole.	SU	1933	Reálná	Průbojnost	7P	-2	SA	0	8(c)	0	4		6R	700	Pistols	pouzdro															AP -2 (rychlý náboj); méně přesná.	docs/weapons/batch01_pistole.tsv	14
Zbraň:14:Vis wz. 35	Zbraň	14	Vis wz. 35	Heavy Pistols	9×19 mm, 8 ran	Kvalitní polská služební pistole.	PL	1935	Reálná	Prémiová kvalita	7P	-1	SA	1	8(c)	0	5		7R	1100	Pistols	pouzdro, záložní zásobník															Přesná + RC 1; vzácná a drahá.	docs/weapons/batch01_pistole.tsv	15
Zbraň:15:Mauser C96	Zbraň	15	Mauser C96	Heavy Pistols	7,63×25 mm, 10 ran	Robustní pistole s charakteristickým zásobníkem před lučíkem.	DE	1896	Reálná	Dlouhá hlaveň / kapacita	7P	-1	SA	0	10(c)	0	4		5R	850	Pistols	dřevěné pouzdro-pažba															Vyšší kapacita; delší hlaveň.	docs/weapons/batch01_pistole.tsv	16
Zbraň:18:Steyr M1912	Zbraň	18	Steyr M1912	Heavy Pistols	9×23 mm Steyr, 8 ran	Rakouská pistole nabíjená nábojovým páskem.	AT	1912	Reálná	Silný náboj	8P	-1	SA	0	8(c)	0	4		5R	800	Pistols	nábojový klip (en-bloc)															Silný náboj (8P); méně přesná.	docs/weapons/batch01_pistole.tsv	19
Zbraň:71:Webley Mk VI	Zbraň	71	Webley Mk VI	Heavy Pistols	.455 Webley, 6 ran	Britský služební revolver Velké války.	UK	1915	Reálná	Stop-effect	8P	0	SA	0	6(cy)	0	4		4R	800	Pistols	pouzdro, nábojové klipy															Velký pomalý náboj; bez AP, malá kapacita.	docs/weapons/batch01_nove.tsv	2
Zbraň:9:Walther P38	Zbraň	9	Walther P38	Heavy Pistols	9×19 mm, 8 ran	Standardní německá služební pistole.	DE	1938	Reálná	Kontrola / ovladatelnost	7P	-1	SA	1	8(c)	0	4		4R	800	Pistols	pouzdro, záložní zásobník															RC 1 (moderní ergonomie); dostupnější než Luger.	docs/weapons/batch01_pistole.tsv	10
Zbraň:1:Walther PPK	Zbraň	1	Walther PPK	Holdouts	7,65 mm Browning, 7 ran	Malá německá pistole pro skryté nošení.	DE	1931	Reálná	Skrytá obrana (přesnost)	5P	0	SA	0	7(c)	-4	5		4R	450	Pistols	pouzdro															Nejvyšší přesnost mezi holdouty; slabá ráže.	docs/weapons/batch01_pistole.tsv	2
Zbraň:2:Mauser 1910	Zbraň	2	Mauser 1910	Holdouts	6,35 mm Browning, 9 ran	Kompaktní kapesní pistole.	DE	1910	Reálná	Kapacita / levná	5P	0	SA	0	9(c)	-4	4		3R	300	Pistols	-															Nejvyšší kapacita mezi holdouty; nízká přesnost.	docs/weapons/batch01_pistole.tsv	3
Zbraň:3:Beretta M1934	Zbraň	3	Beretta M1934	Holdouts	9×17 mm, 7 ran	Malá italská služební pistole.	IT	1934	Reálná	Silnější holdout	6P	0	SA	0	7(c)	-4	4		4R	400	Pistols	-															Nejvyšší DMG mezi holdouty.	docs/weapons/batch01_pistole.tsv	4
Zbraň:63:ZB vz. 26	Zbraň	63	ZB vz. 26	Light Machine Guns	7,92×57 mm, 20 ran	Československý lehký kulomet, základ pozdějšího Brenu.	CS	1926	Reálná	Český lehký kulomet (přesný)	10P	-2	FA	2	20(c)	7	5		10F	3500	Heavy Weapons	dvojnožka															Přesný a spolehlivý; menší zásobník, horní zásobník.	docs/weapons/batch07_kulomety.tsv	2
Zbraň:64:Bren Mk I	Zbraň	64	Bren Mk I	Light Machine Guns	.303 British, 30 ran	Britský lehký kulomet s horním zásobníkem.	UK	1937	Reálná	Britský (vysokokapacitní)	9P	-2	FA	2	30(c)	7	5		11F	3800	Heavy Weapons	dvojnožka															30 ran a přesnost; slabší ráže (9P).	docs/weapons/batch07_kulomety.tsv	3
Zbraň:65:DP-27	Zbraň	65	DP-27	Light Machine Guns	7,62×54 mmR, 47 ran	Sovětský kulomet s diskovým zásobníkem.	SU	1928	Reálná	Sovětský diskový (kapacita)	10P	-2	FA	2	47(d)	7	4		10F	3200	Heavy Weapons	dvojnožka															Diskový zásobník (47); průměrná přesnost.	docs/weapons/batch07_kulomety.tsv	4
Zbraň:66:BAR M1918A2	Zbraň	66	BAR M1918A2	Light Machine Guns	.30-06, 20 ran	Americká automatická puška používaná jako lehký kulomet.	US	1918	Reálná	Silná ráže + univerzální	11P	-2	SA/BF/FA	2	20(c)	8	4		9F	3000	Heavy Weapons	dvojnožka															Silná ráže (11P) a selektivní palba; menší zásobník, těžší.	docs/weapons/batch07_kulomety.tsv	5
Zbraň:4:Astra 300	Zbraň	4	Astra 300	Light Pistols	9×17 / 7,65 mm, 8 ran	Jednoduchá španělská pistole.	ES	1923	Reálná	Levná	6P	0	SA	0	8(c)	-2	4		4R	300	Pistols	-															Levná, slušná kapacita.	docs/weapons/batch01_pistole.tsv	5
Zbraň:5:FN Browning M1910	Zbraň	5	FN Browning M1910	Light Pistols	9×17 / 7,65 mm, 7 ran	Velmi rozšířená kompaktní pistole.	BE	1910	Reálná	Spolehlivá / rozšířená	6P	0	SA	0	7(c)	-2	4		3R	350	Pistols	-															Spolehlivá, snadno dostupná.	docs/weapons/batch01_pistole.tsv	6
Zbraň:6:Colt M1903 Pocket Hammerless	Zbraň	6	Colt M1903 Pocket Hammerless	Light Pistols	.32 ACP, 8 ran	Americká kapesní pistole.	US	1903	Reálná	Precizní / kvalitní	6P	0	SA	0	8(c)	-2	5		4R	400	Pistols	-															Nejvyšší přesnost i kapacita v kategorii.	docs/weapons/batch01_pistole.tsv	7
Zbraň:7:Webley Mk IV	Zbraň	7	Webley Mk IV	Light Pistols	.38/200, 6 ran	Britský služební revolver.	UK	1932	Reálná	Revolver – spolehlivost	7P	0	SA	0	6(cy)	-2	5		4R	450	Pistols	pouzdro															Vyšší DMG, přesný; menší kapacita.	docs/weapons/batch01_pistole.tsv	8
Zbraň:8:Nagant M1895	Zbraň	8	Nagant M1895	Light Pistols	7,62×38 mmR, 7 ran	Neobvyklý sovětský revolver s plynotěsným mechanismem.	SU	1895	Reálná	Tichý revolver	7P	-1	SA	0	7(cy)	-2	4		4R	400	Pistols	tlumič (Bramit)															Lze tlumit; AP -1 díky plynotěsnosti.	docs/weapons/batch01_pistole.tsv	9
Zbraň:16:Mauser M712 Schnellfeuer	Zbraň	16	Mauser M712 Schnellfeuer	Machine Pistols	7,63×25 mm, 20 ran, automatická palba	Automatická varianta C96.	DE	1932	Reálná	Automatická palba	6P	-2	SA/BF/FA	1	20(c)	0	4		10F	2500	Pistols	dřevěná pažba (sklopná)															AP -2, plná palba, RC 1 s pažbou.	docs/weapons/batch01_pistole.tsv	17
Zbraň:17:Astra 900/903	Zbraň	17	Astra 900/903	Machine Pistols	7,63×25 mm, 10 ran, automatická palba	Španělská kopie Mauseru C96.	ES	1927	Reálná	Automatická palba (levnější)	6P	-2	SA/BF/FA	0	10(c)	0	4		10F	1800	Pistols	dřevěná pažba															Levnější alternativa k M712; bez RC bonusu.	docs/weapons/batch01_pistole.tsv	18
Zbraň:67:MG 34	Zbraň	67	MG 34	Medium Machine Guns	7,92×57 mm, pás	Univerzální německý kulomet.	DE	1934	Reálná	Univerzální německý	10P	-2	FA	4	50(b)	10	5		14F	5500	Heavy Weapons	stativ / dvojnožka															Univerzální, přesný; drahý.	docs/weapons/batch07_kulomety.tsv	6
Zbraň:68:MG 42	Zbraň	68	MG 42	Medium Machine Guns	7,92×57 mm, pás	Extrémně rychlopalný německý univerzální kulomet.	DE	1942	Prototyp	Rychlopalný (levnější výroba)	10P	-2	FA	4	50(b)	10	4		16F	5000	Heavy Weapons	stativ / dvojnožka															Extrémní kadence, levná výroba; méně přesný a hůř dostupný.	docs/weapons/batch07_kulomety.tsv	7
Zbraň:69:Vickers Mk I	Zbraň	69	Vickers Mk I	Medium Machine Guns	.303 British, pás	Britský vodou chlazený kulomet.	UK	1912	Reálná	Těžký vodou chlazený (RC 6)	9P	-2	FA	6	100(b)	12	4		14F	6000	Heavy Weapons	stativ, vodní plášť															Obrovská kapacita a stabilita (RC 6); velmi těžký a slabší ráže.	docs/weapons/batch07_kulomety.tsv	8
Zbraň:70:M1919A4	Zbraň	70	M1919A4	Medium Machine Guns	.30-06, pás	Americký vzduchem chlazený kulomet.	US	1934	Reálná	Americký .30-06 (silný)	11P	-2	FA	5	100(b)	11	4		13F	5500	Heavy Weapons	stativ															Silná ráže (11P), vysoká kapacita; těžký.	docs/weapons/batch07_kulomety.tsv	9
Zbraň:36:Winchester M1897	Zbraň	36	Winchester M1897	Shotguns	12 gauge, pump-action	Klasická americká pumpovací brokovnice.	US	1897	Reálná	Bojová pumpa (bajonet)	11P	-1	SS/SA	0	6(m)	6	4		6R	700	Longarms	bajonet M1917															Bojová verze s lůžkem pro bajonet; delší hlaveň.	docs/weapons/batch03_brokovnice.tsv	2
Zbraň:37:Winchester M1912	Zbraň	37	Winchester M1912	Shotguns	12 gauge, pump-action	Vylepšená vojenská pumpa.	US	1912	Reálná	Robustní a přesná pumpa	11P	-1	SS/SA	1	6(m)	6	5		7R	900	Longarms	-															Robustní (RC 1) a přesnější; dražší.	docs/weapons/batch03_brokovnice.tsv	3
Zbraň:38:Ithaca M37	Zbraň	38	Ithaca M37	Shotguns	12 gauge, pump-action	Lehká americká brokovnice.	US	1937	Reálná	Lehká a skrytelná	11P	-1	SS/SA	0	5(m)	5	5		6R	850	Longarms	-															Lehká a obratná (conceal 5); menší zásobník.	docs/weapons/batch03_brokovnice.tsv	4
Zbraň:39:Browning Auto-5	Zbraň	39	Browning Auto-5	Shotguns	12 gauge, samonabíjecí	První úspěšná sériová samonabíjecí brokovnice.	US	1902	Reálná	Samonabíjecí (max DMG)	13P	-1	SA	1	5(m)	6	4		8R	1200	Longarms	-															Nejvyšší DMG mezi brokovnicemi; drahá.	docs/weapons/batch03_brokovnice.tsv	5
Zbraň:40:TOZ-34	Zbraň	40	TOZ-34	Shotguns	12/16 gauge, dvojka	Jednoduchá sovětská lovecká brokovnice.	SU	1965	Prototyp	Levná dvojka	12P	-1	SS	0	2(b)	6	5		4R	400	Longarms	-															Lámací dvojka (2 rány), velmi levná; prototyp.	docs/weapons/batch03_brokovnice.tsv	6
Zbraň:72:Remington Model 11	Zbraň	72	Remington Model 11	Shotguns	12 gauge, samonabíjecí	Licenční kopie Auto-5, široce rozšířená.	US	1905	Reálná	Levnější samonabíjecí	12P	-1	SA	1	5(m)	6	4		8R	1000	Longarms	-															Licenční kopie Auto-5; levnější, méně přesná.	docs/weapons/batch03_nove.tsv	2
Zbraň:73:Lupara	Zbraň	73	Lupara	Shotguns	12 gauge, zkrácená dvojka	Zkrácená dvojka (sawed-off) pro skryté nošení.	IT	1920	Reálná	Skrytá (sawed-off)	9P	-1	SS	0	2(b)	3	4		5R	450	Longarms	-															Nejskrytelnější brokovnice (conceal 3), ale slabší DMG a jen 2 rány.	docs/weapons/batch03_nove.tsv	3
Zbraň:74:Winchester Model 1887	Zbraň	74	Winchester Model 1887	Shotguns	12 gauge, páková	Páková brokovnice, ikonická pro Divoký západ.	US	1887	Reálná	Páková (SA)	12P	-1	SA	0	5(m)	6	4		7R	750	Longarms	-															Pákový opakovač (SA); vyšší DMG za nízkou cenu.	docs/weapons/batch03_nove.tsv	4
Zbraň:75:Browning Superposed	Zbraň	75	Browning Superposed	Shotguns	12 gauge, dvojka over/under	Kvalitní lovecká dvojka (over/under).	BE	1931	Reálná	Kvalitní dvojka (přesnost)	12P	-1	SS	0	2(b)	6	6		8R	1500	Longarms	-															Nejpřesnější brokovnice (Acc 6); jen 2 rány, drahá.	docs/weapons/batch03_nove.tsv	5
Zbraň:59:Kar98k ZF39	Zbraň	59	Kar98k ZF39	Sniper Rifles	7,92×57 mm, 5 ran, optika	Německá odstřelovací varianta Kar98k.	DE	1939	Prototyp	Německá odstřelovací	10P	-2	SS	0	5(m)	6	6		8F	2000	Longarms	puškohled ZF39															Přesná odstřelovací varianta; drahá a zakázaná.	docs/weapons/batch06_odstrelovaci.tsv	2
Zbraň:60:Mosin-Nagant PU	Zbraň	60	Mosin-Nagant PU	Sniper Rifles	7,62×54 mmR, 5 ran, optika	Sovětská odstřelovací puška.	SU	1940	Prototyp	Sovětská odstřelovací (levnější)	10P	-2	SS	0	5(m)	6	5		8F	1600	Longarms	puškohled PU															Levnější rozpočtová volba; méně přesná než ZF39 (ne průbojnější).	docs/weapons/batch06_odstrelovaci.tsv	3
Zbraň:61:Lee-Enfield No.4(T)	Zbraň	61	Lee-Enfield No.4(T)	Sniper Rifles	.303 British, 10 ran, optika	Britská odstřelovací varianta.	UK	1942	Prototyp	Britská odstřelovací (10 ran)	9P	-2	SS	0	10(m)	6	6		9F	2200	Longarms	puškohled No.32															10 ran a přesnost; slabší ráže (9P).	docs/weapons/batch06_odstrelovaci.tsv	4
Zbraň:62:M1903A4	Zbraň	62	M1903A4	Sniper Rifles	.30-06, 5 ran, optika	Americká odstřelovací varianta Springfieldu.	US	1943	Prototyp	Výkonná odstřelovací	11P	-3	SS	0	5(m)	6	7		9F	2400	Longarms	puškohled M73B1															Nejvýkonnější a nejpřesnější (11P, AP -3, Acc 7); drahá.	docs/weapons/batch06_odstrelovaci.tsv	5
Zbraň:41:Karabiner 98k	Zbraň	41	Karabiner 98k	Sporting Rifles	7,92×57 mm, 5 ran, závěr	Standardní německá pěchotní puška.	DE	1935	Reálná	Standardní opakovačka	10P	-2	SS	0	5(m)	6	5		5R	1200	Longarms	-															Vyvážená služební opakovačka; referenční hodnota.	docs/weapons/batch04_pusky.tsv	2
Zbraň:42:Gewehr 98	Zbraň	42	Gewehr 98	Sporting Rifles	7,92×57 mm, 5 ran	Starší německá puška.	DE	1898	Reálná	Starší robustní (RC 1)	10P	-1	SS	1	5(m)	6	4		4R	1000	Longarms	-															Dlouhá a těžká (RC 1), starší munice (AP -1); levná.	docs/weapons/batch04_pusky.tsv	3
Zbraň:43:Gewehr 41	Zbraň	43	Gewehr 41	Sporting Rifles	7,92×57 mm, 10 ran, samonabíjecí	Raná německá samonabíjecí puška.	DE	1941	Prototyp	Raná samonabíjecí	10P	-2	SA	1	10(c)	6	4		10F	2000	Longarms	-															Samonabíjecí prototyp (RC 1), méně přesná.	docs/weapons/batch04_pusky.tsv	4
Zbraň:44:Gewehr 43	Zbraň	44	Gewehr 43	Sporting Rifles	7,92×57 mm, 10 ran, samonabíjecí	Úspěšnější německá samonabíjecí puška.	DE	1943	Prototyp	Kvalitní samonabíjecí	10P	-2	SA	1	10(c)	6	5		12F	2500	Longarms	-															Vylepšená samonabíjecí (RC 1, přesná); drahá.	docs/weapons/batch04_pusky.tsv	5
Zbraň:45:Mosin-Nagant M91/30	Zbraň	45	Mosin-Nagant M91/30	Sporting Rifles	7,62×54 mmR, 5 ran	Základní sovětská pěchotní puška.	SU	1930	Reálná	Robustní a levná opakovačka	10P	-2	SS	0	5(m)	6	4		4R	900	Longarms	-															Robustní a levná; průměrná přesnost (nižší cena, ne vyšší průbojnost).	docs/weapons/batch04_pusky.tsv	6
Zbraň:46:SVT-38	Zbraň	46	SVT-38	Sporting Rifles	7,62×54 mmR, 10 ran	Raná sovětská samonabíjecí puška.	SU	1938	Reálná	Raná samonabíjecí	10P	-2	SA	0	10(c)	6	4		10F	1800	Longarms	-															Raná samonabíjecí; drahá, průměrná.	docs/weapons/batch04_pusky.tsv	7
Zbraň:47:SVT-40	Zbraň	47	SVT-40	Sporting Rifles	7,62×54 mmR, 10 ran	Vylepšená varianta SVT.	SU	1940	Prototyp	Samonabíjecí sovětská	10P	-2	SA	0	10(c)	6	5		11F	2200	Longarms	-															Vylepšená samonabíjecí (přesnější); drahá.	docs/weapons/batch04_pusky.tsv	8
Zbraň:48:Lee-Enfield No.4	Zbraň	48	Lee-Enfield No.4	Sporting Rifles	.303 British, 10 ran	Britská opakovací puška s rychlým závěrem.	UK	1941	Prototyp	Vysokokapacitní opakovačka	9P	-2	SS	0	10(m)	6	5		5R	1300	Longarms	-															10 ran a rychlý závěr; slabší ráže (9P); prototyp.	docs/weapons/batch04_pusky.tsv	9
Zbraň:49:Springfield M1903	Zbraň	49	Springfield M1903	Sporting Rifles	.30-06, 5 ran	Americká opakovací puška.	US	1903	Reálná	Přesná a výkonná opakovačka	11P	-3	SS	0	5(m)	6	6		5R	1300	Longarms	-															Silná ráže (11P), AP -3 a Acc 6; dražší.	docs/weapons/batch04_pusky.tsv	10
Zbraň:50:M1 Garand	Zbraň	50	M1 Garand	Sporting Rifles	.30-06, 8 ran, samonabíjecí	Americká standardní samonabíjecí puška.	US	1936	Reálná	Výkonná samonabíjecí	11P	-2	SA	0	8(c)	6	5		6R	1800	Longarms	-															Silná ráže (11P), samonabíjecí; pozor: existuje i v oficiálních datech.	docs/weapons/batch04_pusky.tsv	11
Zbraň:51:M1 Carbine	Zbraň	51	M1 Carbine	Sporting Rifles	.30 Carbine, 15/30 ran	Lehká karabina pro podpůrný personál.	US	1941	Prototyp	Lehká karabina	8P	0	SA	0	15(c)	5	4		6R	1200	Longarms	-															Nízký DMG a AP, ale lehká a skrytelná (conceal 5).	docs/weapons/batch04_pusky.tsv	12
Zbraň:52:vz. 24	Zbraň	52	vz. 24	Sporting Rifles	7,92×57 mm, 5 ran	Československá puška Mauser.	CS	1924	Reálná	Kvalitní opakovačka (česká)	10P	-2	SS	0	5(m)	6	5		6R	1100	Longarms	-															Kvalitní česká opakovačka; levnější, hůř dostupná.	docs/weapons/batch04_pusky.tsv	13
Zbraň:53:MAS-36	Zbraň	53	MAS-36	Sporting Rifles	7,5×54 mm, 5 ran	Francouzská válečná opakovací puška.	FR	1936	Reálná	Krátká / kompaktní opakovačka	9P	-1	SS	0	5(m)	5	4		5R	1000	Longarms	-															Kratší hlaveň (9P, conceal 5); průměrná přesnost.	docs/weapons/batch04_pusky.tsv	14
Zbraň:76:Lee-Enfield SMLE	Zbraň	76	Lee-Enfield SMLE	Sporting Rifles	.303 British, 10 ran	Britská opakovačka No.1 Mk III z Velké války.	UK	1907	Reálná	Opakovačka s rychlým závěrem	9P	-1	SS	0	10(m)	6	4		5R	1250	Longarms	-															10 ran a rychlý závěr, ale starší munice (AP -1) a méně přesná než No.4.	docs/weapons/batch04_nove.tsv	2
Zbraň:19:MP 40	Zbraň	19	MP 40	Submachine Guns	9×19 mm, 32 ran	Typický německý samopal WWII.	DE	1938	Reálná	Univerzální standard	7P	0	SA/BF/FA	1	32(c)	2	4		8R	1400	Automatics	sklopná pažba															Vyvážený, dobře dostupný; sklopná pažba (RC 1).	docs/weapons/batch02_samopaly.tsv	2
Zbraň:20:MP 34	Zbraň	20	MP 34	Submachine Guns	9×19 mm, 32 ran	Kvalitně zpracovaný rakouský samopal.	AT	1934	Reálná	Precizní	7P	0	SA/BF/FA	1	32(c)	2	5		9R	1500	Automatics	-															Nejlepší přesnost za nízkou cenu; jinak průměrný.	docs/weapons/batch02_samopaly.tsv	3
Zbraň:21:MP 35/II	Zbraň	21	MP 35/II	Submachine Guns	9×19 mm, 32 ran	Robustní německý samopal.	DE	1935	Reálná	Kontrola palby	7P	0	SA/BF/FA	2	32(c)	2	4		9R	1600	Automatics	-															Maximální kontrola (RC 2); dražší.	docs/weapons/batch02_samopaly.tsv	4
Zbraň:22:EMP 44	Zbraň	22	EMP 44	Submachine Guns	9×19 mm, 32 ran	Zjednodušený válečný prototyp pro Volkssturm.	DE	1944	Prototyp	Nejlevnější (nouzová)	7P	0	FA	0	32(c)	2	4		10F	700	Automatics	-															Nejlevnější; jen plná palba, bez kontroly.	docs/weapons/batch02_samopaly.tsv	5
Zbraň:23:Sten Mk II	Zbraň	23	Sten Mk II	Submachine Guns	9×19 mm, 32 ran	Extrémně jednoduchý britský samopal.	UK	1941	Prototyp	Levná + skrytelná	7P	0	FA	0	32(c)	3	4		6R	600	Automatics	-															Levná a štíhlá; jen plná palba.	docs/weapons/batch02_samopaly.tsv	6
Zbraň:24:Sterling	Zbraň	24	Sterling	Submachine Guns	9×19 mm, 34 ran	Pozdní britská konstrukce; přechod do poválečné éry.	UK	1944	Prototyp	Přesná + kompaktní	6P	0	SA/BF/FA	1	34(c)	3	5		11F	1600	Automatics	-															Přesná a kompaktní, ale slabší náboj (6P); vzácná.	docs/weapons/batch02_samopaly.tsv	7
Zbraň:25:Thompson M1928	Zbraň	25	Thompson M1928	Submachine Guns	.45 ACP, 20/30 ran	Těžký americký samopal.	US	1928	Reálná	Poškození + buben	8P	-1	SA/BF/FA	1	50(d)	3	4		9R	2000	Automatics	bubnový zásobník															Nejvyšší DMG + buben 50; těžký a drahý.	docs/weapons/batch02_samopaly.tsv	8
Zbraň:26:Thompson M1	Zbraň	26	Thompson M1	Submachine Guns	.45 ACP, 20/30 ran	Zjednodušená válečná verze Thompsonu.	US	1942	Prototyp	.45 za rozumnou cenu	8P	-1	BF/FA	0	30(c)	3	4		8R	1500	Automatics	-															8P za nižší cenu; jen dávka/plná palba.	docs/weapons/batch02_samopaly.tsv	9
Zbraň:27:M3 „Grease Gun“	Zbraň	27	M3 „Grease Gun“	Submachine Guns	.45 ACP, 30 ran	Velmi jednoduchý americký samopal.	US	1942	Prototyp	Nejlevnější .45	8P	-1	BF/FA	0	30(c)	3	4		10R	900	Automatics	-															Nejlevnější .45; jen dávka/plná palba.	docs/weapons/batch02_samopaly.tsv	10
Zbraň:28:PPSh-41	Zbraň	28	PPSh-41	Submachine Guns	7,62×25 mm, 35/71 ran	Sovětský samopal s vysokou kadencí.	SU	1941	Prototyp	AP + kapacita	6P	-2	SA/BF/FA	1	71(d)	3	4		9R	1500	Automatics	bubnový zásobník															AP -2 + buben 71, ale slabší náboj (6P).	docs/weapons/batch02_samopaly.tsv	11
Zbraň:29:PPS-43	Zbraň	29	PPS-43	Submachine Guns	7,62×25 mm, 35 ran	Kompaktnější sovětský samopal.	SU	1943	Prototyp	AP + skrytelná	6P	-2	SA/BF/FA	1	35(c)	4	4		9R	1300	Automatics	sklopná pažba															AP -2 a nejskrytelnější, ale slabší náboj (6P) a menší zásobník.	docs/weapons/batch02_samopaly.tsv	12
Zbraň:30:PPD-40	Zbraň	30	PPD-40	Submachine Guns	7,62×25 mm, 35/71 ran	Starší sovětská konstrukce.	SU	1940	Prototyp	Přesná AP (kvalita)	6P	-2	SA/BF/FA	1	71(d)	3	5		10R	1700	Automatics	bubnový zásobník															Přesná + AP -2 + buben, ale slabší náboj (6P); drahá.	docs/weapons/batch02_samopaly.tsv	13
Zbraň:31:Suomi KP/-31	Zbraň	31	Suomi KP/-31	Submachine Guns	9×19 mm, 20/40/71 ran	Velmi kvalitní finský samopal.	FI	1931	Reálná	Přesnost + kapacita	6P	0	SA/BF/FA	1	71(d)	3	5		9R	2000	Automatics	bubnový zásobník															Velmi přesná + buben, ale slabší náboj (6P); drahá, bez AP.	docs/weapons/batch02_samopaly.tsv	14
Zbraň:32:ZK 383	Zbraň	32	ZK 383	Submachine Guns	9×19 mm, 30 ran	Československý samopal s možností regulace kadence.	CS	1938	Reálná	Kontrola + přesnost	6P	0	SA/BF/FA	2	30(c)	2	5		10R	1800	Automatics	-															RC 2 + přesnost, ale slabší náboj (6P); malý zásobník, drahá.	docs/weapons/batch02_samopaly.tsv	15
Zbraň:33:Beretta M38	Zbraň	33	Beretta M38	Submachine Guns	9×19 mm, 10-40 ran	Jeden z nejlepších italských samopalů války.	IT	1938	Reálná	Kvalita + kapacita	6P	0	SA/BF/FA	1	40(c)	2	5		9R	1700	Automatics	-															Kvalitní, vyšší kapacita, ale slabší náboj (6P); bez AP.	docs/weapons/batch02_samopaly.tsv	16
Zbraň:34:Owen Gun	Zbraň	34	Owen Gun	Submachine Guns	9×19 mm, 33 ran	Australský samopal s horním zásobníkem.	AU	1939	Prototyp	Spolehlivá + RC 1 levně	7P	0	SA/BF/FA	1	33(c)	3	4		10R	1200	Automatics	-															Spolehlivá s RC 1 za nízkou cenu; průměrná.	docs/weapons/batch02_samopaly.tsv	17
Zbraň:35:MP 3008	Zbraň	35	MP 3008	Submachine Guns	9×19 mm, 32 ran	Německá nouzová konstrukce inspirovaná Stenem.	DE	1945	Prototyp	Nejlevnější štíhlá	7P	0	FA	0	32(c)	3	4		11F	550	Automatics	-															Nejlevnější a štíhlá; jen plná palba.	docs/weapons/batch02_samopaly.tsv	18
Zbroj:1:Civilní oblek	Zbroj	1	Civilní oblek	SW1938 – Civilní oděv		Běžný městský oblek nebo kostým.	—	1930	Reálná	Civilní oděv					2				0	Variable(50-500)				0	-					0							Bez ochrany; základní vzhled.	docs/armor/batchA1_zbroj.tsv	2
Zbroj:2:Pracovní oděv	Zbroj	2	Pracovní oděv	SW1938 – Civilní oděv		Dělnícký oděv, montérky.	—	1930	Reálná	Pracovní oděv					0				0	20				0	-					0							Bez ochrany; nenápadný.	docs/armor/batchA1_zbroj.tsv	3
Zbroj:3:Dámské šaty	Zbroj	3	Dámské šaty	SW1938 – Civilní oděv		Společenské šaty.	—	1930	Reálná	Civilní oděv					1				0	Variable(30-1000)				0	-					0							Bez ochrany; společenský vzhled.	docs/armor/batchA1_zbroj.tsv	4
Zbroj:4:Zimní kabát	Zbroj	4	Zimní kabát	SW1938 – Civilní oděv		Těžký vlněný kabát.	—	1930	Reálná	Zimní oděv					1				0	100				3	+1					3							Svrchní vrstva; při vrstvení +1.	docs/armor/batchA1_zbroj.tsv	5
Zbroj:5:Kombinéza / overal	Zbroj	5	Kombinéza / overal	SW1938 – Civilní oděv		Jednoduchá pracovní kombinéza.	—	1930	Reálná	Pracovní oděv					1				0	50				2	-					2							Minimální ochrana; odolná.	docs/armor/batchA1_zbroj.tsv	6
Zbroj:6:Kožená bunda	Zbroj	6	Kožená bunda	SW1938 – Kožená ochrana		Těžká kožená bunda.	—	1930	Reálná	Lehká kožená ochrana					3				2	250				6	-					6							Účinná proti pistolím; nenápadná.	docs/armor/batchA1_zbroj.tsv	7
Zbroj:7:Kožený duster	Zbroj	7	Kožený duster	SW1938 – Kožená ochrana		Dlouhý kožený kabát.	—	1930	Reálná	Kožená ochrana (duster)					4				3	450				8	+3					8							Svrchní vrstva; při vrstvení +3.	docs/armor/batchA1_zbroj.tsv	8
Zbroj:8:Motorkářská kombinéza	Zbroj	8	Motorkářská kombinéza	SW1938 – Kožená ochrana		Zpevněná kožená kombinéza.	—	1930	Reálná	Ochranná kombinéza					2				4	500				9	-					9							Vyšší ochrana, málo modů.	docs/armor/batchA1_zbroj.tsv	9
Zbroj:14:Experimentální flak vesta	Zbroj	14	Experimentální flak vesta	SW1938 – Ochranná zbroj		Raná neprůstřelná vesta.	—	1938	Prototyp	Flak vesta					4				8F	900				12	-					12							Ochrana na úrovni Armor Jacket; chrání trup.	docs/armor/batchA1_zbroj.tsv	15
Zbroj:15:Ocelový pancíř (SN-42)	Zbroj	15	Ocelový pancíř (SN-42)	SW1938 – Ochranná zbroj		Ocelový hrudní pancíř pro útočné oddíly.	SU	1942	Prototyp	Ocelový pancíř					3				10F	700				15	-					15							Nejvyšší ochrana (Full Body Armor); těžký a nápadný.	docs/armor/batchA1_zbroj.tsv	16
Zbroj:16:Balistický štít	Zbroj	16	Balistický štít	SW1938 – Ochranná zbroj		Přenosný pancéřovaný štít.	—	1937	Prototyp	Balistický štít					5				10R	1100				+6	-					+6							Štít (bonus k zbroji); kryje i spolubojovníky.	docs/armor/batchA1_zbroj.tsv	17
Zbroj:17:Neprůstřelný plášť	Zbroj	17	Neprůstřelný plášť	SW1938 – Ochranná zbroj		Zpevněný dlouhý plášť.	—	1938	Prototyp	Neprůstřelný plášť					5				9F	1000				12	+4					12							Svrchní vrstva; při vrstvení +4.	docs/armor/batchA1_zbroj.tsv	18
Zbroj:18:Faradayův oblek	Zbroj	18	Faradayův oblek	SW1938 – Tesla & okultní ochrana		Kovově tkaný ochranný oblek proti výbojům.	CS	1938	Setting	Ochrana proti elektřině					4				12F	2500				9	-					9							Chrání před tesla výboji; součást teslapunku.	docs/armor/batchA1_zbroj.tsv	19
Zbroj:19:Okultní ochranný plášť	Zbroj	19	Okultní ochranný plášť	SW1938 – Tesla & okultní ochrana		Plášť s ochrannými symboly a stříbrem.	DE	1938	Setting	Ochrana proti duchům					5				14F	3000				8	+3					8							Svrchní vrstva; při vrstvení +3, chrání před entitami.	docs/armor/batchA1_zbroj.tsv	20
Zbroj:20:Teslapunkový ochranný postroj	Zbroj	20	Teslapunkový ochranný postroj	SW1938 – Tesla & okultní ochrana		Pokročilý postroj s měděnými cívkami a izolací.	CS	1938	Setting	Ochrana proti elektřině (těžká)					5				16F	5000				10	-					10							Nejlepší ochrana proti tesla zbraním; velmi vzácný.	docs/armor/batchA1_zbroj.tsv	21
Zbroj:10:Lehká přilba (Brodie)	Zbroj	10	Lehká přilba (Brodie)	SW1938 – Vojenská výstroj		Placatá ocelová přilba.	UK	1915	Reálná	Lehká přilba					2				4	80				+2	-					+2							Přilba (bonus k zbroji).	docs/armor/batchA1_zbroj.tsv	11
Zbroj:11:Těžká přilba (Stahlhelm)	Zbroj	11	Těžká přilba (Stahlhelm)	SW1938 – Vojenská výstroj		Těžká ocelová přilba.	DE	1935	Reálná	Těžká přilba					2				5	150				+3	-					+3							Vyšší bonus k zbroji; těžší.	docs/armor/batchA1_zbroj.tsv	12
Zbroj:12:Důstojnická výstroj	Zbroj	12	Důstojnická výstroj	SW1938 – Vojenská výstroj		Kvalitní důstojnická uniforma.	—	1938	Reálná	Důstojnická výstroj					4				5	350				5	-					5							Více modů; společenský vzhled.	docs/armor/batchA1_zbroj.tsv	13
Zbroj:13:Výsadkářský postroj	Zbroj	13	Výsadkářský postroj	SW1938 – Vojenská výstroj		Zpevněná výstroj výsadkáře.	—	1936	Reálná	Výsadkářská výstroj					3				6	400				7	-					7							Vyšší ochrana pro výsadkáře.	docs/armor/batchA1_zbroj.tsv	14
Zbroj:9:Vojenská uniforma	Zbroj	9	Vojenská uniforma	SW1938 – Vojenská výstroj		Standardní polní uniforma.	—	1938	Reálná	Vojenská uniforma					2				3	120				5	-					5							Lehká ochrana; součást výstroje.	docs/armor/batchA1_zbroj.tsv	10
